$date
	Tue Nov 11 08:23:31 2025
$end
$version
	Icarus Verilog
$end
$timescale
	1s
$end
$scope module tb_fbit_alu_beh $end
$var wire 5 ! tb_out [4:0] $end
$var wire 1 " tb_c_out $end
$var wire 1 # tb_c_flag $end
$var wire 1 $ tb_b_out $end
$var wire 1 % tb_b_flag $end
$var reg 4 & tb_a_in [3:0] $end
$var reg 4 ' tb_b_in [3:0] $end
$var reg 4 ( tb_sel [3:0] $end
$var integer 32 ) i [31:0] $end
$var integer 32 * j [31:0] $end
$var integer 32 + k [31:0] $end
$scope module dut $end
$var wire 4 , a_in [3:0] $end
$var wire 4 - b_in [3:0] $end
$var wire 4 . sel [3:0] $end
$var reg 1 % b_flag $end
$var reg 1 $ b_out $end
$var reg 1 # c_flag $end
$var reg 1 " c_out $end
$var reg 5 / out [4:0] $end
$var reg 5 0 temp [4:0] $end
$upscope $end
$upscope $end
$enddefinitions $end
#0
$dumpvars
b0 0
b0 /
b0 .
b0 -
b0 ,
b0 +
b0 *
b0 )
b0 (
b0 '
b0 &
0%
0$
0#
0"
b0 !
$end
#5
b1 (
b1 .
b1 +
#10
b10 (
b10 .
b10 +
#15
b1 !
b1 /
b1 0
b11 (
b11 .
b11 +
#20
1%
1$
b11111 0
b1111 !
b1111 /
b100 (
b100 .
b100 +
#25
0%
0$
b0 !
b0 /
b101 (
b101 .
b101 +
#30
b110 (
b110 .
b110 +
#35
b111 (
b111 .
b111 +
#40
b11111 !
b11111 /
b1000 (
b1000 .
b1000 +
#45
b0 !
b0 /
b1001 (
b1001 .
b1001 +
#50
b1010 (
b1010 .
b1010 +
#55
b1011 (
b1011 .
b1011 +
#60
b1100 (
b1100 .
b1100 +
#65
b1101 (
b1101 .
b1101 +
#70
b1 !
b1 /
b1110 (
b1110 .
b1110 +
#75
b0 !
b0 /
b1111 (
b1111 .
b1111 +
#80
b1 !
b1 /
b1 0
b0 (
b0 .
b1 '
b1 -
b1 *
b0 +
#85
1%
1$
b11111 0
b1111 !
b1111 /
b1 (
b1 .
b1 +
#90
b1 0
0%
0$
b1 !
b1 /
b10 (
b10 .
b10 +
#95
b1 !
b1 /
b11 (
b11 .
b11 +
#100
1%
1$
b11111 0
b1111 !
b1111 /
b100 (
b100 .
b100 +
#105
0%
0$
b0 !
b0 /
b101 (
b101 .
b101 +
#110
b1 !
b1 /
b110 (
b110 .
b110 +
#115
b1 !
b1 /
b111 (
b111 .
b111 +
#120
b11111 !
b11111 /
b1000 (
b1000 .
b1000 +
#125
b0 !
b0 /
b1001 (
b1001 .
b1001 +
#130
b1010 (
b1010 .
b1010 +
#135
b1011 (
b1011 .
b1011 +
#140
b1100 (
b1100 .
b1100 +
#145
b1101 (
b1101 .
b1101 +
#150
b1110 (
b1110 .
b1110 +
#155
b1111 (
b1111 .
b1111 +
#160
b10 !
b10 /
b10 0
b0 (
b0 .
b10 '
b10 -
b10 *
b0 +
#165
1%
1$
b11110 0
b1110 !
b1110 /
b1 (
b1 .
b1 +
#170
b10 0
0%
0$
b10 !
b10 /
b10 (
b10 .
b10 +
#175
b1 0
b1 !
b1 /
b11 (
b11 .
b11 +
#180
1%
1$
b11111 0
b1111 !
b1111 /
b100 (
b100 .
b100 +
#185
0%
0$
b0 !
b0 /
b101 (
b101 .
b101 +
#190
b10 !
b10 /
b110 (
b110 .
b110 +
#195
b10 !
b10 /
b111 (
b111 .
b111 +
#200
b11111 !
b11111 /
b1000 (
b1000 .
b1000 +
#205
b0 !
b0 /
b1001 (
b1001 .
b1001 +
#210
b1010 (
b1010 .
b1010 +
#215
b1011 (
b1011 .
b1011 +
#220
b1100 (
b1100 .
b1100 +
#225
b1101 (
b1101 .
b1101 +
#230
b1110 (
b1110 .
b1110 +
#235
b1111 (
b1111 .
b1111 +
#240
b11 !
b11 /
b11 0
b0 (
b0 .
b11 '
b11 -
b11 *
b0 +
#245
1%
1$
b11101 0
b1101 !
b1101 /
b1 (
b1 .
b1 +
#250
b11 0
0%
0$
b11 !
b11 /
b10 (
b10 .
b10 +
#255
b1 0
b1 !
b1 /
b11 (
b11 .
b11 +
#260
1%
1$
b11111 0
b1111 !
b1111 /
b100 (
b100 .
b100 +
#265
0%
0$
b0 !
b0 /
b101 (
b101 .
b101 +
#270
b11 !
b11 /
b110 (
b110 .
b110 +
#275
b11 !
b11 /
b111 (
b111 .
b111 +
#280
b11111 !
b11111 /
b1000 (
b1000 .
b1000 +
#285
b0 !
b0 /
b1001 (
b1001 .
b1001 +
#290
b1010 (
b1010 .
b1010 +
#295
b1011 (
b1011 .
b1011 +
#300
b1100 (
b1100 .
b1100 +
#305
b1101 (
b1101 .
b1101 +
#310
b1110 (
b1110 .
b1110 +
#315
b1111 (
b1111 .
b1111 +
#320
b100 !
b100 /
b100 0
b0 (
b0 .
b100 '
b100 -
b100 *
b0 +
#325
1%
1$
b11100 0
b1100 !
b1100 /
b1 (
b1 .
b1 +
#330
b100 0
0%
0$
b100 !
b100 /
b10 (
b10 .
b10 +
#335
b1 0
b1 !
b1 /
b11 (
b11 .
b11 +
#340
1%
1$
b11111 0
b1111 !
b1111 /
b100 (
b100 .
b100 +
#345
0%
0$
b0 !
b0 /
b101 (
b101 .
b101 +
#350
b100 !
b100 /
b110 (
b110 .
b110 +
#355
b100 !
b100 /
b111 (
b111 .
b111 +
#360
b11111 !
b11111 /
b1000 (
b1000 .
b1000 +
#365
b0 !
b0 /
b1001 (
b1001 .
b1001 +
#370
b1010 (
b1010 .
b1010 +
#375
b1011 (
b1011 .
b1011 +
#380
b1100 (
b1100 .
b1100 +
#385
b1101 (
b1101 .
b1101 +
#390
b1110 (
b1110 .
b1110 +
#395
b1111 (
b1111 .
b1111 +
#400
b101 !
b101 /
b101 0
b0 (
b0 .
b101 '
b101 -
b101 *
b0 +
#405
1%
1$
b11011 0
b1011 !
b1011 /
b1 (
b1 .
b1 +
#410
b101 0
0%
0$
b101 !
b101 /
b10 (
b10 .
b10 +
#415
b1 0
b1 !
b1 /
b11 (
b11 .
b11 +
#420
1%
1$
b11111 0
b1111 !
b1111 /
b100 (
b100 .
b100 +
#425
0%
0$
b0 !
b0 /
b101 (
b101 .
b101 +
#430
b101 !
b101 /
b110 (
b110 .
b110 +
#435
b101 !
b101 /
b111 (
b111 .
b111 +
#440
b11111 !
b11111 /
b1000 (
b1000 .
b1000 +
#445
b0 !
b0 /
b1001 (
b1001 .
b1001 +
#450
b1010 (
b1010 .
b1010 +
#455
b1011 (
b1011 .
b1011 +
#460
b1100 (
b1100 .
b1100 +
#465
b1101 (
b1101 .
b1101 +
#470
b1110 (
b1110 .
b1110 +
#475
b1111 (
b1111 .
b1111 +
#480
b110 !
b110 /
b110 0
b0 (
b0 .
b110 '
b110 -
b110 *
b0 +
#485
1%
1$
b11010 0
b1010 !
b1010 /
b1 (
b1 .
b1 +
#490
b110 0
0%
0$
b110 !
b110 /
b10 (
b10 .
b10 +
#495
b1 0
b1 !
b1 /
b11 (
b11 .
b11 +
#500
1%
1$
b11111 0
b1111 !
b1111 /
b100 (
b100 .
b100 +
#505
0%
0$
b0 !
b0 /
b101 (
b101 .
b101 +
#510
b110 !
b110 /
b110 (
b110 .
b110 +
#515
b110 !
b110 /
b111 (
b111 .
b111 +
#520
b11111 !
b11111 /
b1000 (
b1000 .
b1000 +
#525
b0 !
b0 /
b1001 (
b1001 .
b1001 +
#530
b1010 (
b1010 .
b1010 +
#535
b1011 (
b1011 .
b1011 +
#540
b1100 (
b1100 .
b1100 +
#545
b1101 (
b1101 .
b1101 +
#550
b1110 (
b1110 .
b1110 +
#555
b1111 (
b1111 .
b1111 +
#560
b111 !
b111 /
b111 0
b0 (
b0 .
b111 '
b111 -
b111 *
b0 +
#565
1%
1$
b11001 0
b1001 !
b1001 /
b1 (
b1 .
b1 +
#570
b111 0
0%
0$
b111 !
b111 /
b10 (
b10 .
b10 +
#575
b1 0
b1 !
b1 /
b11 (
b11 .
b11 +
#580
1%
1$
b11111 0
b1111 !
b1111 /
b100 (
b100 .
b100 +
#585
0%
0$
b0 !
b0 /
b101 (
b101 .
b101 +
#590
b111 !
b111 /
b110 (
b110 .
b110 +
#595
b111 !
b111 /
b111 (
b111 .
b111 +
#600
b11111 !
b11111 /
b1000 (
b1000 .
b1000 +
#605
b0 !
b0 /
b1001 (
b1001 .
b1001 +
#610
b1010 (
b1010 .
b1010 +
#615
b1011 (
b1011 .
b1011 +
#620
b1100 (
b1100 .
b1100 +
#625
b1101 (
b1101 .
b1101 +
#630
b1110 (
b1110 .
b1110 +
#635
b1111 (
b1111 .
b1111 +
#640
b1000 !
b1000 /
b1000 0
b0 (
b0 .
b1000 '
b1000 -
b1000 *
b0 +
#645
1%
1$
b11000 0
b1000 !
b1000 /
b1 (
b1 .
b1 +
#650
b1000 0
0%
0$
b1000 !
b1000 /
b10 (
b10 .
b10 +
#655
b1 0
b1 !
b1 /
b11 (
b11 .
b11 +
#660
1%
1$
b11111 0
b1111 !
b1111 /
b100 (
b100 .
b100 +
#665
0%
0$
b0 !
b0 /
b101 (
b101 .
b101 +
#670
b1000 !
b1000 /
b110 (
b110 .
b110 +
#675
b1000 !
b1000 /
b111 (
b111 .
b111 +
#680
b11111 !
b11111 /
b1000 (
b1000 .
b1000 +
#685
b0 !
b0 /
b1001 (
b1001 .
b1001 +
#690
b1010 (
b1010 .
b1010 +
#695
b1011 (
b1011 .
b1011 +
#700
b1100 (
b1100 .
b1100 +
#705
b1101 (
b1101 .
b1101 +
#710
b1110 (
b1110 .
b1110 +
#715
b1111 (
b1111 .
b1111 +
#720
b1001 !
b1001 /
b1001 0
b0 (
b0 .
b1001 '
b1001 -
b1001 *
b0 +
#725
1%
1$
b10111 0
b111 !
b111 /
b1 (
b1 .
b1 +
#730
b1001 0
0%
0$
b1001 !
b1001 /
b10 (
b10 .
b10 +
#735
b1 0
b1 !
b1 /
b11 (
b11 .
b11 +
#740
1%
1$
b11111 0
b1111 !
b1111 /
b100 (
b100 .
b100 +
#745
0%
0$
b0 !
b0 /
b101 (
b101 .
b101 +
#750
b1001 !
b1001 /
b110 (
b110 .
b110 +
#755
b1001 !
b1001 /
b111 (
b111 .
b111 +
#760
b11111 !
b11111 /
b1000 (
b1000 .
b1000 +
#765
b0 !
b0 /
b1001 (
b1001 .
b1001 +
#770
b1010 (
b1010 .
b1010 +
#775
b1011 (
b1011 .
b1011 +
#780
b1100 (
b1100 .
b1100 +
#785
b1101 (
b1101 .
b1101 +
#790
b1110 (
b1110 .
b1110 +
#795
b1111 (
b1111 .
b1111 +
#800
b1010 !
b1010 /
b1010 0
b0 (
b0 .
b1010 '
b1010 -
b1010 *
b0 +
#805
1%
1$
b10110 0
b110 !
b110 /
b1 (
b1 .
b1 +
#810
b1010 0
0%
0$
b1010 !
b1010 /
b10 (
b10 .
b10 +
#815
b1 0
b1 !
b1 /
b11 (
b11 .
b11 +
#820
1%
1$
b11111 0
b1111 !
b1111 /
b100 (
b100 .
b100 +
#825
0%
0$
b0 !
b0 /
b101 (
b101 .
b101 +
#830
b1010 !
b1010 /
b110 (
b110 .
b110 +
#835
b1010 !
b1010 /
b111 (
b111 .
b111 +
#840
b11111 !
b11111 /
b1000 (
b1000 .
b1000 +
#845
b0 !
b0 /
b1001 (
b1001 .
b1001 +
#850
b1010 (
b1010 .
b1010 +
#855
b1011 (
b1011 .
b1011 +
#860
b1100 (
b1100 .
b1100 +
#865
b1101 (
b1101 .
b1101 +
#870
b1110 (
b1110 .
b1110 +
#875
b1111 (
b1111 .
b1111 +
#880
b1011 !
b1011 /
b1011 0
b0 (
b0 .
b1011 '
b1011 -
b1011 *
b0 +
#885
1%
1$
b10101 0
b101 !
b101 /
b1 (
b1 .
b1 +
#890
b1011 0
0%
0$
b1011 !
b1011 /
b10 (
b10 .
b10 +
#895
b1 0
b1 !
b1 /
b11 (
b11 .
b11 +
#900
1%
1$
b11111 0
b1111 !
b1111 /
b100 (
b100 .
b100 +
#905
0%
0$
b0 !
b0 /
b101 (
b101 .
b101 +
#910
b1011 !
b1011 /
b110 (
b110 .
b110 +
#915
b1011 !
b1011 /
b111 (
b111 .
b111 +
#920
b11111 !
b11111 /
b1000 (
b1000 .
b1000 +
#925
b0 !
b0 /
b1001 (
b1001 .
b1001 +
#930
b1010 (
b1010 .
b1010 +
#935
b1011 (
b1011 .
b1011 +
#940
b1100 (
b1100 .
b1100 +
#945
b1101 (
b1101 .
b1101 +
#950
b1110 (
b1110 .
b1110 +
#955
b1111 (
b1111 .
b1111 +
#960
b1100 !
b1100 /
b1100 0
b0 (
b0 .
b1100 '
b1100 -
b1100 *
b0 +
#965
1%
1$
b10100 0
b100 !
b100 /
b1 (
b1 .
b1 +
#970
b1100 0
0%
0$
b1100 !
b1100 /
b10 (
b10 .
b10 +
#975
b1 0
b1 !
b1 /
b11 (
b11 .
b11 +
#980
1%
1$
b11111 0
b1111 !
b1111 /
b100 (
b100 .
b100 +
#985
0%
0$
b0 !
b0 /
b101 (
b101 .
b101 +
#990
b1100 !
b1100 /
b110 (
b110 .
b110 +
#995
b1100 !
b1100 /
b111 (
b111 .
b111 +
#1000
b11111 !
b11111 /
b1000 (
b1000 .
b1000 +
#1005
b0 !
b0 /
b1001 (
b1001 .
b1001 +
#1010
b1010 (
b1010 .
b1010 +
#1015
b1011 (
b1011 .
b1011 +
#1020
b1100 (
b1100 .
b1100 +
#1025
b1101 (
b1101 .
b1101 +
#1030
b1110 (
b1110 .
b1110 +
#1035
b1111 (
b1111 .
b1111 +
#1040
b1101 !
b1101 /
b1101 0
b0 (
b0 .
b1101 '
b1101 -
b1101 *
b0 +
#1045
1%
1$
b10011 0
b11 !
b11 /
b1 (
b1 .
b1 +
#1050
b1101 0
0%
0$
b1101 !
b1101 /
b10 (
b10 .
b10 +
#1055
b1 0
b1 !
b1 /
b11 (
b11 .
b11 +
#1060
1%
1$
b11111 0
b1111 !
b1111 /
b100 (
b100 .
b100 +
#1065
0%
0$
b0 !
b0 /
b101 (
b101 .
b101 +
#1070
b1101 !
b1101 /
b110 (
b110 .
b110 +
#1075
b1101 !
b1101 /
b111 (
b111 .
b111 +
#1080
b11111 !
b11111 /
b1000 (
b1000 .
b1000 +
#1085
b0 !
b0 /
b1001 (
b1001 .
b1001 +
#1090
b1010 (
b1010 .
b1010 +
#1095
b1011 (
b1011 .
b1011 +
#1100
b1100 (
b1100 .
b1100 +
#1105
b1101 (
b1101 .
b1101 +
#1110
b1110 (
b1110 .
b1110 +
#1115
b1111 (
b1111 .
b1111 +
#1120
b1110 !
b1110 /
b1110 0
b0 (
b0 .
b1110 '
b1110 -
b1110 *
b0 +
#1125
1%
1$
b10010 0
b10 !
b10 /
b1 (
b1 .
b1 +
#1130
b1110 0
0%
0$
b1110 !
b1110 /
b10 (
b10 .
b10 +
#1135
b1 0
b1 !
b1 /
b11 (
b11 .
b11 +
#1140
1%
1$
b11111 0
b1111 !
b1111 /
b100 (
b100 .
b100 +
#1145
0%
0$
b0 !
b0 /
b101 (
b101 .
b101 +
#1150
b1110 !
b1110 /
b110 (
b110 .
b110 +
#1155
b1110 !
b1110 /
b111 (
b111 .
b111 +
#1160
b11111 !
b11111 /
b1000 (
b1000 .
b1000 +
#1165
b0 !
b0 /
b1001 (
b1001 .
b1001 +
#1170
b1010 (
b1010 .
b1010 +
#1175
b1011 (
b1011 .
b1011 +
#1180
b1100 (
b1100 .
b1100 +
#1185
b1101 (
b1101 .
b1101 +
#1190
b1110 (
b1110 .
b1110 +
#1195
b1111 (
b1111 .
b1111 +
#1200
b1111 !
b1111 /
b1111 0
b0 (
b0 .
b1111 '
b1111 -
b1111 *
b0 +
#1205
1%
1$
b10001 0
b1 !
b1 /
b1 (
b1 .
b1 +
#1210
b1111 0
0%
0$
b1111 !
b1111 /
b10 (
b10 .
b10 +
#1215
b1 0
b1 !
b1 /
b11 (
b11 .
b11 +
#1220
1%
1$
b11111 0
b1111 !
b1111 /
b100 (
b100 .
b100 +
#1225
0%
0$
b0 !
b0 /
b101 (
b101 .
b101 +
#1230
b1111 !
b1111 /
b110 (
b110 .
b110 +
#1235
b1111 !
b1111 /
b111 (
b111 .
b111 +
#1240
b11111 !
b11111 /
b1000 (
b1000 .
b1000 +
#1245
b0 !
b0 /
b1001 (
b1001 .
b1001 +
#1250
b1010 (
b1010 .
b1010 +
#1255
b1011 (
b1011 .
b1011 +
#1260
b1100 (
b1100 .
b1100 +
#1265
b1101 (
b1101 .
b1101 +
#1270
b1110 (
b1110 .
b1110 +
#1275
b1111 (
b1111 .
b1111 +
#1280
b1 !
b1 /
b1 0
b0 (
b0 .
b0 '
b0 -
b1 &
b1 ,
b1 )
b0 *
b0 +
#1285
b1 !
b1 /
b1 (
b1 .
b1 +
#1290
1%
1$
b11111 0
b1111 !
b1111 /
b10 (
b10 .
b10 +
#1295
b10 0
0%
0$
b10 !
b10 /
b11 (
b11 .
b11 +
#1300
b0 0
b0 !
b0 /
b100 (
b100 .
b100 +
#1305
b101 (
b101 .
b101 +
#1310
b1 !
b1 /
b110 (
b110 .
b110 +
#1315
b1 !
b1 /
b111 (
b111 .
b111 +
#1320
b11110 !
b11110 /
b1000 (
b1000 .
b1000 +
#1325
b10 !
b10 /
b1001 (
b1001 .
b1001 +
#1330
b1000 !
b1000 /
b1010 (
b1010 .
b1010 +
#1335
b10 !
b10 /
b1011 (
b1011 .
b1011 +
#1340
b0 !
b0 /
b1100 (
b1100 .
b1100 +
#1345
b1 !
b1 /
b1101 (
b1101 .
b1101 +
#1350
b0 !
b0 /
b1110 (
b1110 .
b1110 +
#1355
b1111 (
b1111 .
b1111 +
#1360
b10 !
b10 /
b10 0
b0 (
b0 .
b1 '
b1 -
b1 *
b0 +
#1365
b0 0
b0 !
b0 /
b1 (
b1 .
b1 +
#1370
b10 (
b10 .
b10 +
#1375
b10 !
b10 /
b10 0
b11 (
b11 .
b11 +
#1380
b0 0
b0 !
b0 /
b100 (
b100 .
b100 +
#1385
b1 !
b1 /
b101 (
b101 .
b101 +
#1390
b1 !
b1 /
b110 (
b110 .
b110 +
#1395
b0 !
b0 /
b111 (
b111 .
b111 +
#1400
b11110 !
b11110 /
b1000 (
b1000 .
b1000 +
#1405
b10 !
b10 /
b1001 (
b1001 .
b1001 +
#1410
b1000 !
b1000 /
b1010 (
b1010 .
b1010 +
#1415
b10 !
b10 /
b1011 (
b1011 .
b1011 +
#1420
b0 !
b0 /
b1100 (
b1100 .
b1100 +
#1425
b1101 (
b1101 .
b1101 +
#1430
b1 !
b1 /
b1110 (
b1110 .
b1110 +
#1435
b0 !
b0 /
b1111 (
b1111 .
b1111 +
#1440
b11 !
b11 /
b11 0
b0 (
b0 .
b10 '
b10 -
b10 *
b0 +
#1445
1%
1$
b11111 0
b1111 !
b1111 /
b1 (
b1 .
b1 +
#1450
b1 0
0%
0$
b1 !
b1 /
b10 (
b10 .
b10 +
#1455
b10 0
b10 !
b10 /
b11 (
b11 .
b11 +
#1460
b0 0
b0 !
b0 /
b100 (
b100 .
b100 +
#1465
b101 (
b101 .
b101 +
#1470
b11 !
b11 /
b110 (
b110 .
b110 +
#1475
b11 !
b11 /
b111 (
b111 .
b111 +
#1480
b11110 !
b11110 /
b1000 (
b1000 .
b1000 +
#1485
b10 !
b10 /
b1001 (
b1001 .
b1001 +
#1490
b1000 !
b1000 /
b1010 (
b1010 .
b1010 +
#1495
b10 !
b10 /
b1011 (
b1011 .
b1011 +
#1500
b0 !
b0 /
b1100 (
b1100 .
b1100 +
#1505
b1101 (
b1101 .
b1101 +
#1510
b1110 (
b1110 .
b1110 +
#1515
b1111 (
b1111 .
b1111 +
#1520
b100 !
b100 /
b100 0
b0 (
b0 .
b11 '
b11 -
b11 *
b0 +
#1525
1%
1$
b11110 0
b1110 !
b1110 /
b1 (
b1 .
b1 +
#1530
b10 0
0%
0$
b10 !
b10 /
b10 (
b10 .
b10 +
#1535
b10 !
b10 /
b11 (
b11 .
b11 +
#1540
b0 0
b0 !
b0 /
b100 (
b100 .
b100 +
#1545
b1 !
b1 /
b101 (
b101 .
b101 +
#1550
b11 !
b11 /
b110 (
b110 .
b110 +
#1555
b10 !
b10 /
b111 (
b111 .
b111 +
#1560
b11110 !
b11110 /
b1000 (
b1000 .
b1000 +
#1565
b10 !
b10 /
b1001 (
b1001 .
b1001 +
#1570
b1000 !
b1000 /
b1010 (
b1010 .
b1010 +
#1575
b10 !
b10 /
b1011 (
b1011 .
b1011 +
#1580
b0 !
b0 /
b1100 (
b1100 .
b1100 +
#1585
b1101 (
b1101 .
b1101 +
#1590
b1110 (
b1110 .
b1110 +
#1595
b1111 (
b1111 .
b1111 +
#1600
b101 !
b101 /
b101 0
b0 (
b0 .
b100 '
b100 -
b100 *
b0 +
#1605
1%
1$
b11101 0
b1101 !
b1101 /
b1 (
b1 .
b1 +
#1610
b11 0
0%
0$
b11 !
b11 /
b10 (
b10 .
b10 +
#1615
b10 0
b10 !
b10 /
b11 (
b11 .
b11 +
#1620
b0 0
b0 !
b0 /
b100 (
b100 .
b100 +
#1625
b101 (
b101 .
b101 +
#1630
b101 !
b101 /
b110 (
b110 .
b110 +
#1635
b101 !
b101 /
b111 (
b111 .
b111 +
#1640
b11110 !
b11110 /
b1000 (
b1000 .
b1000 +
#1645
b10 !
b10 /
b1001 (
b1001 .
b1001 +
#1650
b1000 !
b1000 /
b1010 (
b1010 .
b1010 +
#1655
b10 !
b10 /
b1011 (
b1011 .
b1011 +
#1660
b0 !
b0 /
b1100 (
b1100 .
b1100 +
#1665
b1101 (
b1101 .
b1101 +
#1670
b1110 (
b1110 .
b1110 +
#1675
b1111 (
b1111 .
b1111 +
#1680
b110 !
b110 /
b110 0
b0 (
b0 .
b101 '
b101 -
b101 *
b0 +
#1685
1%
1$
b11100 0
b1100 !
b1100 /
b1 (
b1 .
b1 +
#1690
b100 0
0%
0$
b100 !
b100 /
b10 (
b10 .
b10 +
#1695
b10 0
b10 !
b10 /
b11 (
b11 .
b11 +
#1700
b0 0
b0 !
b0 /
b100 (
b100 .
b100 +
#1705
b1 !
b1 /
b101 (
b101 .
b101 +
#1710
b101 !
b101 /
b110 (
b110 .
b110 +
#1715
b100 !
b100 /
b111 (
b111 .
b111 +
#1720
b11110 !
b11110 /
b1000 (
b1000 .
b1000 +
#1725
b10 !
b10 /
b1001 (
b1001 .
b1001 +
#1730
b1000 !
b1000 /
b1010 (
b1010 .
b1010 +
#1735
b10 !
b10 /
b1011 (
b1011 .
b1011 +
#1740
b0 !
b0 /
b1100 (
b1100 .
b1100 +
#1745
b1101 (
b1101 .
b1101 +
#1750
b1110 (
b1110 .
b1110 +
#1755
b1111 (
b1111 .
b1111 +
#1760
b111 !
b111 /
b111 0
b0 (
b0 .
b110 '
b110 -
b110 *
b0 +
#1765
1%
1$
b11011 0
b1011 !
b1011 /
b1 (
b1 .
b1 +
#1770
b101 0
0%
0$
b101 !
b101 /
b10 (
b10 .
b10 +
#1775
b10 0
b10 !
b10 /
b11 (
b11 .
b11 +
#1780
b0 0
b0 !
b0 /
b100 (
b100 .
b100 +
#1785
b101 (
b101 .
b101 +
#1790
b111 !
b111 /
b110 (
b110 .
b110 +
#1795
b111 !
b111 /
b111 (
b111 .
b111 +
#1800
b11110 !
b11110 /
b1000 (
b1000 .
b1000 +
#1805
b10 !
b10 /
b1001 (
b1001 .
b1001 +
#1810
b1000 !
b1000 /
b1010 (
b1010 .
b1010 +
#1815
b10 !
b10 /
b1011 (
b1011 .
b1011 +
#1820
b0 !
b0 /
b1100 (
b1100 .
b1100 +
#1825
b1101 (
b1101 .
b1101 +
#1830
b1110 (
b1110 .
b1110 +
#1835
b1111 (
b1111 .
b1111 +
#1840
b1000 !
b1000 /
b1000 0
b0 (
b0 .
b111 '
b111 -
b111 *
b0 +
#1845
1%
1$
b11010 0
b1010 !
b1010 /
b1 (
b1 .
b1 +
#1850
b110 0
0%
0$
b110 !
b110 /
b10 (
b10 .
b10 +
#1855
b10 0
b10 !
b10 /
b11 (
b11 .
b11 +
#1860
b0 0
b0 !
b0 /
b100 (
b100 .
b100 +
#1865
b1 !
b1 /
b101 (
b101 .
b101 +
#1870
b111 !
b111 /
b110 (
b110 .
b110 +
#1875
b110 !
b110 /
b111 (
b111 .
b111 +
#1880
b11110 !
b11110 /
b1000 (
b1000 .
b1000 +
#1885
b10 !
b10 /
b1001 (
b1001 .
b1001 +
#1890
b1000 !
b1000 /
b1010 (
b1010 .
b1010 +
#1895
b10 !
b10 /
b1011 (
b1011 .
b1011 +
#1900
b0 !
b0 /
b1100 (
b1100 .
b1100 +
#1905
b1101 (
b1101 .
b1101 +
#1910
b1110 (
b1110 .
b1110 +
#1915
b1111 (
b1111 .
b1111 +
#1920
b1001 !
b1001 /
b1001 0
b0 (
b0 .
b1000 '
b1000 -
b1000 *
b0 +
#1925
1%
1$
b11001 0
b1001 !
b1001 /
b1 (
b1 .
b1 +
#1930
b111 0
0%
0$
b111 !
b111 /
b10 (
b10 .
b10 +
#1935
b10 0
b10 !
b10 /
b11 (
b11 .
b11 +
#1940
b0 0
b0 !
b0 /
b100 (
b100 .
b100 +
#1945
b101 (
b101 .
b101 +
#1950
b1001 !
b1001 /
b110 (
b110 .
b110 +
#1955
b1001 !
b1001 /
b111 (
b111 .
b111 +
#1960
b11110 !
b11110 /
b1000 (
b1000 .
b1000 +
#1965
b10 !
b10 /
b1001 (
b1001 .
b1001 +
#1970
b1000 !
b1000 /
b1010 (
b1010 .
b1010 +
#1975
b10 !
b10 /
b1011 (
b1011 .
b1011 +
#1980
b0 !
b0 /
b1100 (
b1100 .
b1100 +
#1985
b1101 (
b1101 .
b1101 +
#1990
b1110 (
b1110 .
b1110 +
#1995
b1111 (
b1111 .
b1111 +
#2000
b1010 !
b1010 /
b1010 0
b0 (
b0 .
b1001 '
b1001 -
b1001 *
b0 +
#2005
1%
1$
b11000 0
b1000 !
b1000 /
b1 (
b1 .
b1 +
#2010
b1000 0
0%
0$
b1000 !
b1000 /
b10 (
b10 .
b10 +
#2015
b10 0
b10 !
b10 /
b11 (
b11 .
b11 +
#2020
b0 0
b0 !
b0 /
b100 (
b100 .
b100 +
#2025
b1 !
b1 /
b101 (
b101 .
b101 +
#2030
b1001 !
b1001 /
b110 (
b110 .
b110 +
#2035
b1000 !
b1000 /
b111 (
b111 .
b111 +
#2040
b11110 !
b11110 /
b1000 (
b1000 .
b1000 +
#2045
b10 !
b10 /
b1001 (
b1001 .
b1001 +
#2050
b1000 !
b1000 /
b1010 (
b1010 .
b1010 +
#2055
b10 !
b10 /
b1011 (
b1011 .
b1011 +
#2060
b0 !
b0 /
b1100 (
b1100 .
b1100 +
#2065
b1101 (
b1101 .
b1101 +
#2070
b1110 (
b1110 .
b1110 +
#2075
b1111 (
b1111 .
b1111 +
#2080
b1011 !
b1011 /
b1011 0
b0 (
b0 .
b1010 '
b1010 -
b1010 *
b0 +
#2085
1%
1$
b10111 0
b111 !
b111 /
b1 (
b1 .
b1 +
#2090
b1001 0
0%
0$
b1001 !
b1001 /
b10 (
b10 .
b10 +
#2095
b10 0
b10 !
b10 /
b11 (
b11 .
b11 +
#2100
b0 0
b0 !
b0 /
b100 (
b100 .
b100 +
#2105
b101 (
b101 .
b101 +
#2110
b1011 !
b1011 /
b110 (
b110 .
b110 +
#2115
b1011 !
b1011 /
b111 (
b111 .
b111 +
#2120
b11110 !
b11110 /
b1000 (
b1000 .
b1000 +
#2125
b10 !
b10 /
b1001 (
b1001 .
b1001 +
#2130
b1000 !
b1000 /
b1010 (
b1010 .
b1010 +
#2135
b10 !
b10 /
b1011 (
b1011 .
b1011 +
#2140
b0 !
b0 /
b1100 (
b1100 .
b1100 +
#2145
b1101 (
b1101 .
b1101 +
#2150
b1110 (
b1110 .
b1110 +
#2155
b1111 (
b1111 .
b1111 +
#2160
b1100 !
b1100 /
b1100 0
b0 (
b0 .
b1011 '
b1011 -
b1011 *
b0 +
#2165
1%
1$
b10110 0
b110 !
b110 /
b1 (
b1 .
b1 +
#2170
b1010 0
0%
0$
b1010 !
b1010 /
b10 (
b10 .
b10 +
#2175
b10 0
b10 !
b10 /
b11 (
b11 .
b11 +
#2180
b0 0
b0 !
b0 /
b100 (
b100 .
b100 +
#2185
b1 !
b1 /
b101 (
b101 .
b101 +
#2190
b1011 !
b1011 /
b110 (
b110 .
b110 +
#2195
b1010 !
b1010 /
b111 (
b111 .
b111 +
#2200
b11110 !
b11110 /
b1000 (
b1000 .
b1000 +
#2205
b10 !
b10 /
b1001 (
b1001 .
b1001 +
#2210
b1000 !
b1000 /
b1010 (
b1010 .
b1010 +
#2215
b10 !
b10 /
b1011 (
b1011 .
b1011 +
#2220
b0 !
b0 /
b1100 (
b1100 .
b1100 +
#2225
b1101 (
b1101 .
b1101 +
#2230
b1110 (
b1110 .
b1110 +
#2235
b1111 (
b1111 .
b1111 +
#2240
b1101 !
b1101 /
b1101 0
b0 (
b0 .
b1100 '
b1100 -
b1100 *
b0 +
#2245
1%
1$
b10101 0
b101 !
b101 /
b1 (
b1 .
b1 +
#2250
b1011 0
0%
0$
b1011 !
b1011 /
b10 (
b10 .
b10 +
#2255
b10 0
b10 !
b10 /
b11 (
b11 .
b11 +
#2260
b0 0
b0 !
b0 /
b100 (
b100 .
b100 +
#2265
b101 (
b101 .
b101 +
#2270
b1101 !
b1101 /
b110 (
b110 .
b110 +
#2275
b1101 !
b1101 /
b111 (
b111 .
b111 +
#2280
b11110 !
b11110 /
b1000 (
b1000 .
b1000 +
#2285
b10 !
b10 /
b1001 (
b1001 .
b1001 +
#2290
b1000 !
b1000 /
b1010 (
b1010 .
b1010 +
#2295
b10 !
b10 /
b1011 (
b1011 .
b1011 +
#2300
b0 !
b0 /
b1100 (
b1100 .
b1100 +
#2305
b1101 (
b1101 .
b1101 +
#2310
b1110 (
b1110 .
b1110 +
#2315
b1111 (
b1111 .
b1111 +
#2320
b1110 !
b1110 /
b1110 0
b0 (
b0 .
b1101 '
b1101 -
b1101 *
b0 +
#2325
1%
1$
b10100 0
b100 !
b100 /
b1 (
b1 .
b1 +
#2330
b1100 0
0%
0$
b1100 !
b1100 /
b10 (
b10 .
b10 +
#2335
b10 0
b10 !
b10 /
b11 (
b11 .
b11 +
#2340
b0 0
b0 !
b0 /
b100 (
b100 .
b100 +
#2345
b1 !
b1 /
b101 (
b101 .
b101 +
#2350
b1101 !
b1101 /
b110 (
b110 .
b110 +
#2355
b1100 !
b1100 /
b111 (
b111 .
b111 +
#2360
b11110 !
b11110 /
b1000 (
b1000 .
b1000 +
#2365
b10 !
b10 /
b1001 (
b1001 .
b1001 +
#2370
b1000 !
b1000 /
b1010 (
b1010 .
b1010 +
#2375
b10 !
b10 /
b1011 (
b1011 .
b1011 +
#2380
b0 !
b0 /
b1100 (
b1100 .
b1100 +
#2385
b1101 (
b1101 .
b1101 +
#2390
b1110 (
b1110 .
b1110 +
#2395
b1111 (
b1111 .
b1111 +
#2400
b1111 !
b1111 /
b1111 0
b0 (
b0 .
b1110 '
b1110 -
b1110 *
b0 +
#2405
1%
1$
b10011 0
b11 !
b11 /
b1 (
b1 .
b1 +
#2410
b1101 0
0%
0$
b1101 !
b1101 /
b10 (
b10 .
b10 +
#2415
b10 0
b10 !
b10 /
b11 (
b11 .
b11 +
#2420
b0 0
b0 !
b0 /
b100 (
b100 .
b100 +
#2425
b101 (
b101 .
b101 +
#2430
b1111 !
b1111 /
b110 (
b110 .
b110 +
#2435
b1111 !
b1111 /
b111 (
b111 .
b111 +
#2440
b11110 !
b11110 /
b1000 (
b1000 .
b1000 +
#2445
b10 !
b10 /
b1001 (
b1001 .
b1001 +
#2450
b1000 !
b1000 /
b1010 (
b1010 .
b1010 +
#2455
b10 !
b10 /
b1011 (
b1011 .
b1011 +
#2460
b0 !
b0 /
b1100 (
b1100 .
b1100 +
#2465
b1101 (
b1101 .
b1101 +
#2470
b1110 (
b1110 .
b1110 +
#2475
b1111 (
b1111 .
b1111 +
#2480
b10000 !
b10000 /
b10000 0
b0 (
b0 .
b1111 '
b1111 -
b1111 *
b0 +
#2485
1%
1$
b10010 0
b10 !
b10 /
b1 (
b1 .
b1 +
#2490
b1110 0
0%
0$
b1110 !
b1110 /
b10 (
b10 .
b10 +
#2495
b10 0
b10 !
b10 /
b11 (
b11 .
b11 +
#2500
b0 0
b0 !
b0 /
b100 (
b100 .
b100 +
#2505
b1 !
b1 /
b101 (
b101 .
b101 +
#2510
b1111 !
b1111 /
b110 (
b110 .
b110 +
#2515
b1110 !
b1110 /
b111 (
b111 .
b111 +
#2520
b11110 !
b11110 /
b1000 (
b1000 .
b1000 +
#2525
b10 !
b10 /
b1001 (
b1001 .
b1001 +
#2530
b1000 !
b1000 /
b1010 (
b1010 .
b1010 +
#2535
b10 !
b10 /
b1011 (
b1011 .
b1011 +
#2540
b0 !
b0 /
b1100 (
b1100 .
b1100 +
#2545
b1101 (
b1101 .
b1101 +
#2550
b1110 (
b1110 .
b1110 +
#2555
b1111 (
b1111 .
b1111 +
#2560
b10 !
b10 /
b10 0
b0 (
b0 .
b0 '
b0 -
b10 &
b10 ,
b10 )
b0 *
b0 +
#2565
b10 !
b10 /
b1 (
b1 .
b1 +
#2570
1%
1$
b11110 0
b1110 !
b1110 /
b10 (
b10 .
b10 +
#2575
b11 0
0%
0$
b11 !
b11 /
b11 (
b11 .
b11 +
#2580
b1 0
b1 !
b1 /
b100 (
b100 .
b100 +
#2585
b0 !
b0 /
b101 (
b101 .
b101 +
#2590
b10 !
b10 /
b110 (
b110 .
b110 +
#2595
b10 !
b10 /
b111 (
b111 .
b111 +
#2600
b11101 !
b11101 /
b1000 (
b1000 .
b1000 +
#2605
b100 !
b100 /
b1001 (
b1001 .
b1001 +
#2610
b1 !
b1 /
b1010 (
b1010 .
b1010 +
#2615
b100 !
b100 /
b1011 (
b1011 .
b1011 +
#2620
b1 !
b1 /
b1100 (
b1100 .
b1100 +
#2625
b1 !
b1 /
b1101 (
b1101 .
b1101 +
#2630
b0 !
b0 /
b1110 (
b1110 .
b1110 +
#2635
b1111 (
b1111 .
b1111 +
#2640
b11 !
b11 /
b11 0
b0 (
b0 .
b1 '
b1 -
b1 *
b0 +
#2645
b1 0
b1 !
b1 /
b1 (
b1 .
b1 +
#2650
1%
1$
b11111 0
b1111 !
b1111 /
b10 (
b10 .
b10 +
#2655
b11 0
0%
0$
b11 !
b11 /
b11 (
b11 .
b11 +
#2660
b1 0
b1 !
b1 /
b100 (
b100 .
b100 +
#2665
b0 !
b0 /
b101 (
b101 .
b101 +
#2670
b11 !
b11 /
b110 (
b110 .
b110 +
#2675
b11 !
b11 /
b111 (
b111 .
b111 +
#2680
b11101 !
b11101 /
b1000 (
b1000 .
b1000 +
#2685
b100 !
b100 /
b1001 (
b1001 .
b1001 +
#2690
b1 !
b1 /
b1010 (
b1010 .
b1010 +
#2695
b100 !
b100 /
b1011 (
b1011 .
b1011 +
#2700
b1 !
b1 /
b1100 (
b1100 .
b1100 +
#2705
b1 !
b1 /
b1101 (
b1101 .
b1101 +
#2710
b0 !
b0 /
b1110 (
b1110 .
b1110 +
#2715
b1111 (
b1111 .
b1111 +
#2720
b100 !
b100 /
b100 0
b0 (
b0 .
b10 '
b10 -
b10 *
b0 +
#2725
b0 0
b0 !
b0 /
b1 (
b1 .
b1 +
#2730
b10 (
b10 .
b10 +
#2735
b11 !
b11 /
b11 0
b11 (
b11 .
b11 +
#2740
b1 0
b1 !
b1 /
b100 (
b100 .
b100 +
#2745
b10 !
b10 /
b101 (
b101 .
b101 +
#2750
b10 !
b10 /
b110 (
b110 .
b110 +
#2755
b0 !
b0 /
b111 (
b111 .
b111 +
#2760
b11101 !
b11101 /
b1000 (
b1000 .
b1000 +
#2765
b100 !
b100 /
b1001 (
b1001 .
b1001 +
#2770
b1 !
b1 /
b1010 (
b1010 .
b1010 +
#2775
b100 !
b100 /
b1011 (
b1011 .
b1011 +
#2780
b1 !
b1 /
b1100 (
b1100 .
b1100 +
#2785
b0 !
b0 /
b1101 (
b1101 .
b1101 +
#2790
b1 !
b1 /
b1110 (
b1110 .
b1110 +
#2795
b0 !
b0 /
b1111 (
b1111 .
b1111 +
#2800
b101 !
b101 /
b101 0
b0 (
b0 .
b11 '
b11 -
b11 *
b0 +
#2805
1%
1$
b11111 0
b1111 !
b1111 /
b1 (
b1 .
b1 +
#2810
b1 0
0%
0$
b1 !
b1 /
b10 (
b10 .
b10 +
#2815
b11 0
b11 !
b11 /
b11 (
b11 .
b11 +
#2820
b1 0
b1 !
b1 /
b100 (
b100 .
b100 +
#2825
b10 !
b10 /
b101 (
b101 .
b101 +
#2830
b11 !
b11 /
b110 (
b110 .
b110 +
#2835
b1 !
b1 /
b111 (
b111 .
b111 +
#2840
b11101 !
b11101 /
b1000 (
b1000 .
b1000 +
#2845
b100 !
b100 /
b1001 (
b1001 .
b1001 +
#2850
b1 !
b1 /
b1010 (
b1010 .
b1010 +
#2855
b100 !
b100 /
b1011 (
b1011 .
b1011 +
#2860
b1 !
b1 /
b1100 (
b1100 .
b1100 +
#2865
b0 !
b0 /
b1101 (
b1101 .
b1101 +
#2870
b1110 (
b1110 .
b1110 +
#2875
b1111 (
b1111 .
b1111 +
#2880
b110 !
b110 /
b110 0
b0 (
b0 .
b100 '
b100 -
b100 *
b0 +
#2885
1%
1$
b11110 0
b1110 !
b1110 /
b1 (
b1 .
b1 +
#2890
b10 0
0%
0$
b10 !
b10 /
b10 (
b10 .
b10 +
#2895
b11 0
b11 !
b11 /
b11 (
b11 .
b11 +
#2900
b1 0
b1 !
b1 /
b100 (
b100 .
b100 +
#2905
b0 !
b0 /
b101 (
b101 .
b101 +
#2910
b110 !
b110 /
b110 (
b110 .
b110 +
#2915
b110 !
b110 /
b111 (
b111 .
b111 +
#2920
b11101 !
b11101 /
b1000 (
b1000 .
b1000 +
#2925
b100 !
b100 /
b1001 (
b1001 .
b1001 +
#2930
b1 !
b1 /
b1010 (
b1010 .
b1010 +
#2935
b100 !
b100 /
b1011 (
b1011 .
b1011 +
#2940
b1 !
b1 /
b1100 (
b1100 .
b1100 +
#2945
b0 !
b0 /
b1101 (
b1101 .
b1101 +
#2950
b1110 (
b1110 .
b1110 +
#2955
b1111 (
b1111 .
b1111 +
#2960
b111 !
b111 /
b111 0
b0 (
b0 .
b101 '
b101 -
b101 *
b0 +
#2965
1%
1$
b11101 0
b1101 !
b1101 /
b1 (
b1 .
b1 +
#2970
b11 0
0%
0$
b11 !
b11 /
b10 (
b10 .
b10 +
#2975
b11 !
b11 /
b11 (
b11 .
b11 +
#2980
b1 0
b1 !
b1 /
b100 (
b100 .
b100 +
#2985
b0 !
b0 /
b101 (
b101 .
b101 +
#2990
b111 !
b111 /
b110 (
b110 .
b110 +
#2995
b111 !
b111 /
b111 (
b111 .
b111 +
#3000
b11101 !
b11101 /
b1000 (
b1000 .
b1000 +
#3005
b100 !
b100 /
b1001 (
b1001 .
b1001 +
#3010
b1 !
b1 /
b1010 (
b1010 .
b1010 +
#3015
b100 !
b100 /
b1011 (
b1011 .
b1011 +
#3020
b1 !
b1 /
b1100 (
b1100 .
b1100 +
#3025
b0 !
b0 /
b1101 (
b1101 .
b1101 +
#3030
b1110 (
b1110 .
b1110 +
#3035
b1111 (
b1111 .
b1111 +
#3040
b1000 !
b1000 /
b1000 0
b0 (
b0 .
b110 '
b110 -
b110 *
b0 +
#3045
1%
1$
b11100 0
b1100 !
b1100 /
b1 (
b1 .
b1 +
#3050
b100 0
0%
0$
b100 !
b100 /
b10 (
b10 .
b10 +
#3055
b11 0
b11 !
b11 /
b11 (
b11 .
b11 +
#3060
b1 0
b1 !
b1 /
b100 (
b100 .
b100 +
#3065
b10 !
b10 /
b101 (
b101 .
b101 +
#3070
b110 !
b110 /
b110 (
b110 .
b110 +
#3075
b100 !
b100 /
b111 (
b111 .
b111 +
#3080
b11101 !
b11101 /
b1000 (
b1000 .
b1000 +
#3085
b100 !
b100 /
b1001 (
b1001 .
b1001 +
#3090
b1 !
b1 /
b1010 (
b1010 .
b1010 +
#3095
b100 !
b100 /
b1011 (
b1011 .
b1011 +
#3100
b1 !
b1 /
b1100 (
b1100 .
b1100 +
#3105
b0 !
b0 /
b1101 (
b1101 .
b1101 +
#3110
b1110 (
b1110 .
b1110 +
#3115
b1111 (
b1111 .
b1111 +
#3120
b1001 !
b1001 /
b1001 0
b0 (
b0 .
b111 '
b111 -
b111 *
b0 +
#3125
1%
1$
b11011 0
b1011 !
b1011 /
b1 (
b1 .
b1 +
#3130
b101 0
0%
0$
b101 !
b101 /
b10 (
b10 .
b10 +
#3135
b11 0
b11 !
b11 /
b11 (
b11 .
b11 +
#3140
b1 0
b1 !
b1 /
b100 (
b100 .
b100 +
#3145
b10 !
b10 /
b101 (
b101 .
b101 +
#3150
b111 !
b111 /
b110 (
b110 .
b110 +
#3155
b101 !
b101 /
b111 (
b111 .
b111 +
#3160
b11101 !
b11101 /
b1000 (
b1000 .
b1000 +
#3165
b100 !
b100 /
b1001 (
b1001 .
b1001 +
#3170
b1 !
b1 /
b1010 (
b1010 .
b1010 +
#3175
b100 !
b100 /
b1011 (
b1011 .
b1011 +
#3180
b1 !
b1 /
b1100 (
b1100 .
b1100 +
#3185
b0 !
b0 /
b1101 (
b1101 .
b1101 +
#3190
b1110 (
b1110 .
b1110 +
#3195
b1111 (
b1111 .
b1111 +
#3200
b1010 !
b1010 /
b1010 0
b0 (
b0 .
b1000 '
b1000 -
b1000 *
b0 +
#3205
1%
1$
b11010 0
b1010 !
b1010 /
b1 (
b1 .
b1 +
#3210
b110 0
0%
0$
b110 !
b110 /
b10 (
b10 .
b10 +
#3215
b11 0
b11 !
b11 /
b11 (
b11 .
b11 +
#3220
b1 0
b1 !
b1 /
b100 (
b100 .
b100 +
#3225
b0 !
b0 /
b101 (
b101 .
b101 +
#3230
b1010 !
b1010 /
b110 (
b110 .
b110 +
#3235
b1010 !
b1010 /
b111 (
b111 .
b111 +
#3240
b11101 !
b11101 /
b1000 (
b1000 .
b1000 +
#3245
b100 !
b100 /
b1001 (
b1001 .
b1001 +
#3250
b1 !
b1 /
b1010 (
b1010 .
b1010 +
#3255
b100 !
b100 /
b1011 (
b1011 .
b1011 +
#3260
b1 !
b1 /
b1100 (
b1100 .
b1100 +
#3265
b0 !
b0 /
b1101 (
b1101 .
b1101 +
#3270
b1110 (
b1110 .
b1110 +
#3275
b1111 (
b1111 .
b1111 +
#3280
b1011 !
b1011 /
b1011 0
b0 (
b0 .
b1001 '
b1001 -
b1001 *
b0 +
#3285
1%
1$
b11001 0
b1001 !
b1001 /
b1 (
b1 .
b1 +
#3290
b111 0
0%
0$
b111 !
b111 /
b10 (
b10 .
b10 +
#3295
b11 0
b11 !
b11 /
b11 (
b11 .
b11 +
#3300
b1 0
b1 !
b1 /
b100 (
b100 .
b100 +
#3305
b0 !
b0 /
b101 (
b101 .
b101 +
#3310
b1011 !
b1011 /
b110 (
b110 .
b110 +
#3315
b1011 !
b1011 /
b111 (
b111 .
b111 +
#3320
b11101 !
b11101 /
b1000 (
b1000 .
b1000 +
#3325
b100 !
b100 /
b1001 (
b1001 .
b1001 +
#3330
b1 !
b1 /
b1010 (
b1010 .
b1010 +
#3335
b100 !
b100 /
b1011 (
b1011 .
b1011 +
#3340
b1 !
b1 /
b1100 (
b1100 .
b1100 +
#3345
b0 !
b0 /
b1101 (
b1101 .
b1101 +
#3350
b1110 (
b1110 .
b1110 +
#3355
b1111 (
b1111 .
b1111 +
#3360
b1100 !
b1100 /
b1100 0
b0 (
b0 .
b1010 '
b1010 -
b1010 *
b0 +
#3365
1%
1$
b11000 0
b1000 !
b1000 /
b1 (
b1 .
b1 +
#3370
b1000 0
0%
0$
b1000 !
b1000 /
b10 (
b10 .
b10 +
#3375
b11 0
b11 !
b11 /
b11 (
b11 .
b11 +
#3380
b1 0
b1 !
b1 /
b100 (
b100 .
b100 +
#3385
b10 !
b10 /
b101 (
b101 .
b101 +
#3390
b1010 !
b1010 /
b110 (
b110 .
b110 +
#3395
b1000 !
b1000 /
b111 (
b111 .
b111 +
#3400
b11101 !
b11101 /
b1000 (
b1000 .
b1000 +
#3405
b100 !
b100 /
b1001 (
b1001 .
b1001 +
#3410
b1 !
b1 /
b1010 (
b1010 .
b1010 +
#3415
b100 !
b100 /
b1011 (
b1011 .
b1011 +
#3420
b1 !
b1 /
b1100 (
b1100 .
b1100 +
#3425
b0 !
b0 /
b1101 (
b1101 .
b1101 +
#3430
b1110 (
b1110 .
b1110 +
#3435
b1111 (
b1111 .
b1111 +
#3440
b1101 !
b1101 /
b1101 0
b0 (
b0 .
b1011 '
b1011 -
b1011 *
b0 +
#3445
1%
1$
b10111 0
b111 !
b111 /
b1 (
b1 .
b1 +
#3450
b1001 0
0%
0$
b1001 !
b1001 /
b10 (
b10 .
b10 +
#3455
b11 0
b11 !
b11 /
b11 (
b11 .
b11 +
#3460
b1 0
b1 !
b1 /
b100 (
b100 .
b100 +
#3465
b10 !
b10 /
b101 (
b101 .
b101 +
#3470
b1011 !
b1011 /
b110 (
b110 .
b110 +
#3475
b1001 !
b1001 /
b111 (
b111 .
b111 +
#3480
b11101 !
b11101 /
b1000 (
b1000 .
b1000 +
#3485
b100 !
b100 /
b1001 (
b1001 .
b1001 +
#3490
b1 !
b1 /
b1010 (
b1010 .
b1010 +
#3495
b100 !
b100 /
b1011 (
b1011 .
b1011 +
#3500
b1 !
b1 /
b1100 (
b1100 .
b1100 +
#3505
b0 !
b0 /
b1101 (
b1101 .
b1101 +
#3510
b1110 (
b1110 .
b1110 +
#3515
b1111 (
b1111 .
b1111 +
#3520
b1110 !
b1110 /
b1110 0
b0 (
b0 .
b1100 '
b1100 -
b1100 *
b0 +
#3525
1%
1$
b10110 0
b110 !
b110 /
b1 (
b1 .
b1 +
#3530
b1010 0
0%
0$
b1010 !
b1010 /
b10 (
b10 .
b10 +
#3535
b11 0
b11 !
b11 /
b11 (
b11 .
b11 +
#3540
b1 0
b1 !
b1 /
b100 (
b100 .
b100 +
#3545
b0 !
b0 /
b101 (
b101 .
b101 +
#3550
b1110 !
b1110 /
b110 (
b110 .
b110 +
#3555
b1110 !
b1110 /
b111 (
b111 .
b111 +
#3560
b11101 !
b11101 /
b1000 (
b1000 .
b1000 +
#3565
b100 !
b100 /
b1001 (
b1001 .
b1001 +
#3570
b1 !
b1 /
b1010 (
b1010 .
b1010 +
#3575
b100 !
b100 /
b1011 (
b1011 .
b1011 +
#3580
b1 !
b1 /
b1100 (
b1100 .
b1100 +
#3585
b0 !
b0 /
b1101 (
b1101 .
b1101 +
#3590
b1110 (
b1110 .
b1110 +
#3595
b1111 (
b1111 .
b1111 +
#3600
b1111 !
b1111 /
b1111 0
b0 (
b0 .
b1101 '
b1101 -
b1101 *
b0 +
#3605
1%
1$
b10101 0
b101 !
b101 /
b1 (
b1 .
b1 +
#3610
b1011 0
0%
0$
b1011 !
b1011 /
b10 (
b10 .
b10 +
#3615
b11 0
b11 !
b11 /
b11 (
b11 .
b11 +
#3620
b1 0
b1 !
b1 /
b100 (
b100 .
b100 +
#3625
b0 !
b0 /
b101 (
b101 .
b101 +
#3630
b1111 !
b1111 /
b110 (
b110 .
b110 +
#3635
b1111 !
b1111 /
b111 (
b111 .
b111 +
#3640
b11101 !
b11101 /
b1000 (
b1000 .
b1000 +
#3645
b100 !
b100 /
b1001 (
b1001 .
b1001 +
#3650
b1 !
b1 /
b1010 (
b1010 .
b1010 +
#3655
b100 !
b100 /
b1011 (
b1011 .
b1011 +
#3660
b1 !
b1 /
b1100 (
b1100 .
b1100 +
#3665
b0 !
b0 /
b1101 (
b1101 .
b1101 +
#3670
b1110 (
b1110 .
b1110 +
#3675
b1111 (
b1111 .
b1111 +
#3680
b10000 !
b10000 /
b10000 0
b0 (
b0 .
b1110 '
b1110 -
b1110 *
b0 +
#3685
1%
1$
b10100 0
b100 !
b100 /
b1 (
b1 .
b1 +
#3690
b1100 0
0%
0$
b1100 !
b1100 /
b10 (
b10 .
b10 +
#3695
b11 0
b11 !
b11 /
b11 (
b11 .
b11 +
#3700
b1 0
b1 !
b1 /
b100 (
b100 .
b100 +
#3705
b10 !
b10 /
b101 (
b101 .
b101 +
#3710
b1110 !
b1110 /
b110 (
b110 .
b110 +
#3715
b1100 !
b1100 /
b111 (
b111 .
b111 +
#3720
b11101 !
b11101 /
b1000 (
b1000 .
b1000 +
#3725
b100 !
b100 /
b1001 (
b1001 .
b1001 +
#3730
b1 !
b1 /
b1010 (
b1010 .
b1010 +
#3735
b100 !
b100 /
b1011 (
b1011 .
b1011 +
#3740
b1 !
b1 /
b1100 (
b1100 .
b1100 +
#3745
b0 !
b0 /
b1101 (
b1101 .
b1101 +
#3750
b1110 (
b1110 .
b1110 +
#3755
b1111 (
b1111 .
b1111 +
#3760
b10001 !
b10001 /
b10001 0
b0 (
b0 .
b1111 '
b1111 -
b1111 *
b0 +
#3765
1%
1$
b10011 0
b11 !
b11 /
b1 (
b1 .
b1 +
#3770
b1101 0
0%
0$
b1101 !
b1101 /
b10 (
b10 .
b10 +
#3775
b11 0
b11 !
b11 /
b11 (
b11 .
b11 +
#3780
b1 0
b1 !
b1 /
b100 (
b100 .
b100 +
#3785
b10 !
b10 /
b101 (
b101 .
b101 +
#3790
b1111 !
b1111 /
b110 (
b110 .
b110 +
#3795
b1101 !
b1101 /
b111 (
b111 .
b111 +
#3800
b11101 !
b11101 /
b1000 (
b1000 .
b1000 +
#3805
b100 !
b100 /
b1001 (
b1001 .
b1001 +
#3810
b1 !
b1 /
b1010 (
b1010 .
b1010 +
#3815
b100 !
b100 /
b1011 (
b1011 .
b1011 +
#3820
b1 !
b1 /
b1100 (
b1100 .
b1100 +
#3825
b0 !
b0 /
b1101 (
b1101 .
b1101 +
#3830
b1110 (
b1110 .
b1110 +
#3835
b1111 (
b1111 .
b1111 +
#3840
b11 !
b11 /
b11 0
b0 (
b0 .
b0 '
b0 -
b11 &
b11 ,
b11 )
b0 *
b0 +
#3845
b11 !
b11 /
b1 (
b1 .
b1 +
#3850
1%
1$
b11101 0
b1101 !
b1101 /
b10 (
b10 .
b10 +
#3855
b100 0
0%
0$
b100 !
b100 /
b11 (
b11 .
b11 +
#3860
b10 0
b10 !
b10 /
b100 (
b100 .
b100 +
#3865
b0 !
b0 /
b101 (
b101 .
b101 +
#3870
b11 !
b11 /
b110 (
b110 .
b110 +
#3875
b11 !
b11 /
b111 (
b111 .
b111 +
#3880
b11100 !
b11100 /
b1000 (
b1000 .
b1000 +
#3885
b110 !
b110 /
b1001 (
b1001 .
b1001 +
#3890
b1001 !
b1001 /
b1010 (
b1010 .
b1010 +
#3895
b110 !
b110 /
b1011 (
b1011 .
b1011 +
#3900
b1 !
b1 /
b1100 (
b1100 .
b1100 +
#3905
b1 !
b1 /
b1101 (
b1101 .
b1101 +
#3910
b0 !
b0 /
b1110 (
b1110 .
b1110 +
#3915
b1111 (
b1111 .
b1111 +
#3920
b100 !
b100 /
b100 0
b0 (
b0 .
b1 '
b1 -
b1 *
b0 +
#3925
b10 0
b10 !
b10 /
b1 (
b1 .
b1 +
#3930
1%
1$
b11110 0
b1110 !
b1110 /
b10 (
b10 .
b10 +
#3935
b100 0
0%
0$
b100 !
b100 /
b11 (
b11 .
b11 +
#3940
b10 0
b10 !
b10 /
b100 (
b100 .
b100 +
#3945
b1 !
b1 /
b101 (
b101 .
b101 +
#3950
b11 !
b11 /
b110 (
b110 .
b110 +
#3955
b10 !
b10 /
b111 (
b111 .
b111 +
#3960
b11100 !
b11100 /
b1000 (
b1000 .
b1000 +
#3965
b110 !
b110 /
b1001 (
b1001 .
b1001 +
#3970
b1001 !
b1001 /
b1010 (
b1010 .
b1010 +
#3975
b110 !
b110 /
b1011 (
b1011 .
b1011 +
#3980
b1 !
b1 /
b1100 (
b1100 .
b1100 +
#3985
b1 !
b1 /
b1101 (
b1101 .
b1101 +
#3990
b0 !
b0 /
b1110 (
b1110 .
b1110 +
#3995
b1111 (
b1111 .
b1111 +
#4000
b101 !
b101 /
b101 0
b0 (
b0 .
b10 '
b10 -
b10 *
b0 +
#4005
b1 0
b1 !
b1 /
b1 (
b1 .
b1 +
#4010
1%
1$
b11111 0
b1111 !
b1111 /
b10 (
b10 .
b10 +
#4015
b100 0
0%
0$
b100 !
b100 /
b11 (
b11 .
b11 +
#4020
b10 0
b10 !
b10 /
b100 (
b100 .
b100 +
#4025
b10 !
b10 /
b101 (
b101 .
b101 +
#4030
b11 !
b11 /
b110 (
b110 .
b110 +
#4035
b1 !
b1 /
b111 (
b111 .
b111 +
#4040
b11100 !
b11100 /
b1000 (
b1000 .
b1000 +
#4045
b110 !
b110 /
b1001 (
b1001 .
b1001 +
#4050
b1001 !
b1001 /
b1010 (
b1010 .
b1010 +
#4055
b110 !
b110 /
b1011 (
b1011 .
b1011 +
#4060
b1 !
b1 /
b1100 (
b1100 .
b1100 +
#4065
b1 !
b1 /
b1101 (
b1101 .
b1101 +
#4070
b0 !
b0 /
b1110 (
b1110 .
b1110 +
#4075
b1111 (
b1111 .
b1111 +
#4080
b110 !
b110 /
b110 0
b0 (
b0 .
b11 '
b11 -
b11 *
b0 +
#4085
b0 0
b0 !
b0 /
b1 (
b1 .
b1 +
#4090
b10 (
b10 .
b10 +
#4095
b100 !
b100 /
b100 0
b11 (
b11 .
b11 +
#4100
b10 0
b10 !
b10 /
b100 (
b100 .
b100 +
#4105
b11 !
b11 /
b101 (
b101 .
b101 +
#4110
b11 !
b11 /
b110 (
b110 .
b110 +
#4115
b0 !
b0 /
b111 (
b111 .
b111 +
#4120
b11100 !
b11100 /
b1000 (
b1000 .
b1000 +
#4125
b110 !
b110 /
b1001 (
b1001 .
b1001 +
#4130
b1001 !
b1001 /
b1010 (
b1010 .
b1010 +
#4135
b110 !
b110 /
b1011 (
b1011 .
b1011 +
#4140
b1 !
b1 /
b1100 (
b1100 .
b1100 +
#4145
b0 !
b0 /
b1101 (
b1101 .
b1101 +
#4150
b1 !
b1 /
b1110 (
b1110 .
b1110 +
#4155
b0 !
b0 /
b1111 (
b1111 .
b1111 +
#4160
b111 !
b111 /
b111 0
b0 (
b0 .
b100 '
b100 -
b100 *
b0 +
#4165
1%
1$
b11111 0
b1111 !
b1111 /
b1 (
b1 .
b1 +
#4170
b1 0
0%
0$
b1 !
b1 /
b10 (
b10 .
b10 +
#4175
b100 0
b100 !
b100 /
b11 (
b11 .
b11 +
#4180
b10 0
b10 !
b10 /
b100 (
b100 .
b100 +
#4185
b0 !
b0 /
b101 (
b101 .
b101 +
#4190
b111 !
b111 /
b110 (
b110 .
b110 +
#4195
b111 !
b111 /
b111 (
b111 .
b111 +
#4200
b11100 !
b11100 /
b1000 (
b1000 .
b1000 +
#4205
b110 !
b110 /
b1001 (
b1001 .
b1001 +
#4210
b1001 !
b1001 /
b1010 (
b1010 .
b1010 +
#4215
b110 !
b110 /
b1011 (
b1011 .
b1011 +
#4220
b1 !
b1 /
b1100 (
b1100 .
b1100 +
#4225
b0 !
b0 /
b1101 (
b1101 .
b1101 +
#4230
b1110 (
b1110 .
b1110 +
#4235
b1111 (
b1111 .
b1111 +
#4240
b1000 !
b1000 /
b1000 0
b0 (
b0 .
b101 '
b101 -
b101 *
b0 +
#4245
1%
1$
b11110 0
b1110 !
b1110 /
b1 (
b1 .
b1 +
#4250
b10 0
0%
0$
b10 !
b10 /
b10 (
b10 .
b10 +
#4255
b100 0
b100 !
b100 /
b11 (
b11 .
b11 +
#4260
b10 0
b10 !
b10 /
b100 (
b100 .
b100 +
#4265
b1 !
b1 /
b101 (
b101 .
b101 +
#4270
b111 !
b111 /
b110 (
b110 .
b110 +
#4275
b110 !
b110 /
b111 (
b111 .
b111 +
#4280
b11100 !
b11100 /
b1000 (
b1000 .
b1000 +
#4285
b110 !
b110 /
b1001 (
b1001 .
b1001 +
#4290
b1001 !
b1001 /
b1010 (
b1010 .
b1010 +
#4295
b110 !
b110 /
b1011 (
b1011 .
b1011 +
#4300
b1 !
b1 /
b1100 (
b1100 .
b1100 +
#4305
b0 !
b0 /
b1101 (
b1101 .
b1101 +
#4310
b1110 (
b1110 .
b1110 +
#4315
b1111 (
b1111 .
b1111 +
#4320
b1001 !
b1001 /
b1001 0
b0 (
b0 .
b110 '
b110 -
b110 *
b0 +
#4325
1%
1$
b11101 0
b1101 !
b1101 /
b1 (
b1 .
b1 +
#4330
b11 0
0%
0$
b11 !
b11 /
b10 (
b10 .
b10 +
#4335
b100 0
b100 !
b100 /
b11 (
b11 .
b11 +
#4340
b10 0
b10 !
b10 /
b100 (
b100 .
b100 +
#4345
b10 !
b10 /
b101 (
b101 .
b101 +
#4350
b111 !
b111 /
b110 (
b110 .
b110 +
#4355
b101 !
b101 /
b111 (
b111 .
b111 +
#4360
b11100 !
b11100 /
b1000 (
b1000 .
b1000 +
#4365
b110 !
b110 /
b1001 (
b1001 .
b1001 +
#4370
b1001 !
b1001 /
b1010 (
b1010 .
b1010 +
#4375
b110 !
b110 /
b1011 (
b1011 .
b1011 +
#4380
b1 !
b1 /
b1100 (
b1100 .
b1100 +
#4385
b0 !
b0 /
b1101 (
b1101 .
b1101 +
#4390
b1110 (
b1110 .
b1110 +
#4395
b1111 (
b1111 .
b1111 +
#4400
b1010 !
b1010 /
b1010 0
b0 (
b0 .
b111 '
b111 -
b111 *
b0 +
#4405
1%
1$
b11100 0
b1100 !
b1100 /
b1 (
b1 .
b1 +
#4410
b100 0
0%
0$
b100 !
b100 /
b10 (
b10 .
b10 +
#4415
b100 !
b100 /
b11 (
b11 .
b11 +
#4420
b10 0
b10 !
b10 /
b100 (
b100 .
b100 +
#4425
b11 !
b11 /
b101 (
b101 .
b101 +
#4430
b111 !
b111 /
b110 (
b110 .
b110 +
#4435
b100 !
b100 /
b111 (
b111 .
b111 +
#4440
b11100 !
b11100 /
b1000 (
b1000 .
b1000 +
#4445
b110 !
b110 /
b1001 (
b1001 .
b1001 +
#4450
b1001 !
b1001 /
b1010 (
b1010 .
b1010 +
#4455
b110 !
b110 /
b1011 (
b1011 .
b1011 +
#4460
b1 !
b1 /
b1100 (
b1100 .
b1100 +
#4465
b0 !
b0 /
b1101 (
b1101 .
b1101 +
#4470
b1110 (
b1110 .
b1110 +
#4475
b1111 (
b1111 .
b1111 +
#4480
b1011 !
b1011 /
b1011 0
b0 (
b0 .
b1000 '
b1000 -
b1000 *
b0 +
#4485
1%
1$
b11011 0
b1011 !
b1011 /
b1 (
b1 .
b1 +
#4490
b101 0
0%
0$
b101 !
b101 /
b10 (
b10 .
b10 +
#4495
b100 0
b100 !
b100 /
b11 (
b11 .
b11 +
#4500
b10 0
b10 !
b10 /
b100 (
b100 .
b100 +
#4505
b0 !
b0 /
b101 (
b101 .
b101 +
#4510
b1011 !
b1011 /
b110 (
b110 .
b110 +
#4515
b1011 !
b1011 /
b111 (
b111 .
b111 +
#4520
b11100 !
b11100 /
b1000 (
b1000 .
b1000 +
#4525
b110 !
b110 /
b1001 (
b1001 .
b1001 +
#4530
b1001 !
b1001 /
b1010 (
b1010 .
b1010 +
#4535
b110 !
b110 /
b1011 (
b1011 .
b1011 +
#4540
b1 !
b1 /
b1100 (
b1100 .
b1100 +
#4545
b0 !
b0 /
b1101 (
b1101 .
b1101 +
#4550
b1110 (
b1110 .
b1110 +
#4555
b1111 (
b1111 .
b1111 +
#4560
b1100 !
b1100 /
b1100 0
b0 (
b0 .
b1001 '
b1001 -
b1001 *
b0 +
#4565
1%
1$
b11010 0
b1010 !
b1010 /
b1 (
b1 .
b1 +
#4570
b110 0
0%
0$
b110 !
b110 /
b10 (
b10 .
b10 +
#4575
b100 0
b100 !
b100 /
b11 (
b11 .
b11 +
#4580
b10 0
b10 !
b10 /
b100 (
b100 .
b100 +
#4585
b1 !
b1 /
b101 (
b101 .
b101 +
#4590
b1011 !
b1011 /
b110 (
b110 .
b110 +
#4595
b1010 !
b1010 /
b111 (
b111 .
b111 +
#4600
b11100 !
b11100 /
b1000 (
b1000 .
b1000 +
#4605
b110 !
b110 /
b1001 (
b1001 .
b1001 +
#4610
b1001 !
b1001 /
b1010 (
b1010 .
b1010 +
#4615
b110 !
b110 /
b1011 (
b1011 .
b1011 +
#4620
b1 !
b1 /
b1100 (
b1100 .
b1100 +
#4625
b0 !
b0 /
b1101 (
b1101 .
b1101 +
#4630
b1110 (
b1110 .
b1110 +
#4635
b1111 (
b1111 .
b1111 +
#4640
b1101 !
b1101 /
b1101 0
b0 (
b0 .
b1010 '
b1010 -
b1010 *
b0 +
#4645
1%
1$
b11001 0
b1001 !
b1001 /
b1 (
b1 .
b1 +
#4650
b111 0
0%
0$
b111 !
b111 /
b10 (
b10 .
b10 +
#4655
b100 0
b100 !
b100 /
b11 (
b11 .
b11 +
#4660
b10 0
b10 !
b10 /
b100 (
b100 .
b100 +
#4665
b10 !
b10 /
b101 (
b101 .
b101 +
#4670
b1011 !
b1011 /
b110 (
b110 .
b110 +
#4675
b1001 !
b1001 /
b111 (
b111 .
b111 +
#4680
b11100 !
b11100 /
b1000 (
b1000 .
b1000 +
#4685
b110 !
b110 /
b1001 (
b1001 .
b1001 +
#4690
b1001 !
b1001 /
b1010 (
b1010 .
b1010 +
#4695
b110 !
b110 /
b1011 (
b1011 .
b1011 +
#4700
b1 !
b1 /
b1100 (
b1100 .
b1100 +
#4705
b0 !
b0 /
b1101 (
b1101 .
b1101 +
#4710
b1110 (
b1110 .
b1110 +
#4715
b1111 (
b1111 .
b1111 +
#4720
b1110 !
b1110 /
b1110 0
b0 (
b0 .
b1011 '
b1011 -
b1011 *
b0 +
#4725
1%
1$
b11000 0
b1000 !
b1000 /
b1 (
b1 .
b1 +
#4730
b1000 0
0%
0$
b1000 !
b1000 /
b10 (
b10 .
b10 +
#4735
b100 0
b100 !
b100 /
b11 (
b11 .
b11 +
#4740
b10 0
b10 !
b10 /
b100 (
b100 .
b100 +
#4745
b11 !
b11 /
b101 (
b101 .
b101 +
#4750
b1011 !
b1011 /
b110 (
b110 .
b110 +
#4755
b1000 !
b1000 /
b111 (
b111 .
b111 +
#4760
b11100 !
b11100 /
b1000 (
b1000 .
b1000 +
#4765
b110 !
b110 /
b1001 (
b1001 .
b1001 +
#4770
b1001 !
b1001 /
b1010 (
b1010 .
b1010 +
#4775
b110 !
b110 /
b1011 (
b1011 .
b1011 +
#4780
b1 !
b1 /
b1100 (
b1100 .
b1100 +
#4785
b0 !
b0 /
b1101 (
b1101 .
b1101 +
#4790
b1110 (
b1110 .
b1110 +
#4795
b1111 (
b1111 .
b1111 +
#4800
b1111 !
b1111 /
b1111 0
b0 (
b0 .
b1100 '
b1100 -
b1100 *
b0 +
#4805
1%
1$
b10111 0
b111 !
b111 /
b1 (
b1 .
b1 +
#4810
b1001 0
0%
0$
b1001 !
b1001 /
b10 (
b10 .
b10 +
#4815
b100 0
b100 !
b100 /
b11 (
b11 .
b11 +
#4820
b10 0
b10 !
b10 /
b100 (
b100 .
b100 +
#4825
b0 !
b0 /
b101 (
b101 .
b101 +
#4830
b1111 !
b1111 /
b110 (
b110 .
b110 +
#4835
b1111 !
b1111 /
b111 (
b111 .
b111 +
#4840
b11100 !
b11100 /
b1000 (
b1000 .
b1000 +
#4845
b110 !
b110 /
b1001 (
b1001 .
b1001 +
#4850
b1001 !
b1001 /
b1010 (
b1010 .
b1010 +
#4855
b110 !
b110 /
b1011 (
b1011 .
b1011 +
#4860
b1 !
b1 /
b1100 (
b1100 .
b1100 +
#4865
b0 !
b0 /
b1101 (
b1101 .
b1101 +
#4870
b1110 (
b1110 .
b1110 +
#4875
b1111 (
b1111 .
b1111 +
#4880
b10000 !
b10000 /
b10000 0
b0 (
b0 .
b1101 '
b1101 -
b1101 *
b0 +
#4885
1%
1$
b10110 0
b110 !
b110 /
b1 (
b1 .
b1 +
#4890
b1010 0
0%
0$
b1010 !
b1010 /
b10 (
b10 .
b10 +
#4895
b100 0
b100 !
b100 /
b11 (
b11 .
b11 +
#4900
b10 0
b10 !
b10 /
b100 (
b100 .
b100 +
#4905
b1 !
b1 /
b101 (
b101 .
b101 +
#4910
b1111 !
b1111 /
b110 (
b110 .
b110 +
#4915
b1110 !
b1110 /
b111 (
b111 .
b111 +
#4920
b11100 !
b11100 /
b1000 (
b1000 .
b1000 +
#4925
b110 !
b110 /
b1001 (
b1001 .
b1001 +
#4930
b1001 !
b1001 /
b1010 (
b1010 .
b1010 +
#4935
b110 !
b110 /
b1011 (
b1011 .
b1011 +
#4940
b1 !
b1 /
b1100 (
b1100 .
b1100 +
#4945
b0 !
b0 /
b1101 (
b1101 .
b1101 +
#4950
b1110 (
b1110 .
b1110 +
#4955
b1111 (
b1111 .
b1111 +
#4960
b10001 !
b10001 /
b10001 0
b0 (
b0 .
b1110 '
b1110 -
b1110 *
b0 +
#4965
1%
1$
b10101 0
b101 !
b101 /
b1 (
b1 .
b1 +
#4970
b1011 0
0%
0$
b1011 !
b1011 /
b10 (
b10 .
b10 +
#4975
b100 0
b100 !
b100 /
b11 (
b11 .
b11 +
#4980
b10 0
b10 !
b10 /
b100 (
b100 .
b100 +
#4985
b10 !
b10 /
b101 (
b101 .
b101 +
#4990
b1111 !
b1111 /
b110 (
b110 .
b110 +
#4995
b1101 !
b1101 /
b111 (
b111 .
b111 +
#5000
b11100 !
b11100 /
b1000 (
b1000 .
b1000 +
#5005
b110 !
b110 /
b1001 (
b1001 .
b1001 +
#5010
b1001 !
b1001 /
b1010 (
b1010 .
b1010 +
#5015
b110 !
b110 /
b1011 (
b1011 .
b1011 +
#5020
b1 !
b1 /
b1100 (
b1100 .
b1100 +
#5025
b0 !
b0 /
b1101 (
b1101 .
b1101 +
#5030
b1110 (
b1110 .
b1110 +
#5035
b1111 (
b1111 .
b1111 +
#5040
b10010 !
b10010 /
b10010 0
b0 (
b0 .
b1111 '
b1111 -
b1111 *
b0 +
#5045
1%
1$
b10100 0
b100 !
b100 /
b1 (
b1 .
b1 +
#5050
b1100 0
0%
0$
b1100 !
b1100 /
b10 (
b10 .
b10 +
#5055
b100 0
b100 !
b100 /
b11 (
b11 .
b11 +
#5060
b10 0
b10 !
b10 /
b100 (
b100 .
b100 +
#5065
b11 !
b11 /
b101 (
b101 .
b101 +
#5070
b1111 !
b1111 /
b110 (
b110 .
b110 +
#5075
b1100 !
b1100 /
b111 (
b111 .
b111 +
#5080
b11100 !
b11100 /
b1000 (
b1000 .
b1000 +
#5085
b110 !
b110 /
b1001 (
b1001 .
b1001 +
#5090
b1001 !
b1001 /
b1010 (
b1010 .
b1010 +
#5095
b110 !
b110 /
b1011 (
b1011 .
b1011 +
#5100
b1 !
b1 /
b1100 (
b1100 .
b1100 +
#5105
b0 !
b0 /
b1101 (
b1101 .
b1101 +
#5110
b1110 (
b1110 .
b1110 +
#5115
b1111 (
b1111 .
b1111 +
#5120
b100 !
b100 /
b100 0
b0 (
b0 .
b0 '
b0 -
b100 &
b100 ,
b100 )
b0 *
b0 +
#5125
b100 !
b100 /
b1 (
b1 .
b1 +
#5130
1%
1$
b11100 0
b1100 !
b1100 /
b10 (
b10 .
b10 +
#5135
b101 0
0%
0$
b101 !
b101 /
b11 (
b11 .
b11 +
#5140
b11 0
b11 !
b11 /
b100 (
b100 .
b100 +
#5145
b0 !
b0 /
b101 (
b101 .
b101 +
#5150
b100 !
b100 /
b110 (
b110 .
b110 +
#5155
b100 !
b100 /
b111 (
b111 .
b111 +
#5160
b11011 !
b11011 /
b1000 (
b1000 .
b1000 +
#5165
b1000 !
b1000 /
b1001 (
b1001 .
b1001 +
#5170
b10 !
b10 /
b1010 (
b1010 .
b1010 +
#5175
b1000 !
b1000 /
b1011 (
b1011 .
b1011 +
#5180
b10 !
b10 /
b1100 (
b1100 .
b1100 +
#5185
b1 !
b1 /
b1101 (
b1101 .
b1101 +
#5190
b0 !
b0 /
b1110 (
b1110 .
b1110 +
#5195
b1111 (
b1111 .
b1111 +
#5200
b101 !
b101 /
b101 0
b0 (
b0 .
b1 '
b1 -
b1 *
b0 +
#5205
b11 0
b11 !
b11 /
b1 (
b1 .
b1 +
#5210
1%
1$
b11101 0
b1101 !
b1101 /
b10 (
b10 .
b10 +
#5215
b101 0
0%
0$
b101 !
b101 /
b11 (
b11 .
b11 +
#5220
b11 0
b11 !
b11 /
b100 (
b100 .
b100 +
#5225
b0 !
b0 /
b101 (
b101 .
b101 +
#5230
b101 !
b101 /
b110 (
b110 .
b110 +
#5235
b101 !
b101 /
b111 (
b111 .
b111 +
#5240
b11011 !
b11011 /
b1000 (
b1000 .
b1000 +
#5245
b1000 !
b1000 /
b1001 (
b1001 .
b1001 +
#5250
b10 !
b10 /
b1010 (
b1010 .
b1010 +
#5255
b1000 !
b1000 /
b1011 (
b1011 .
b1011 +
#5260
b10 !
b10 /
b1100 (
b1100 .
b1100 +
#5265
b1 !
b1 /
b1101 (
b1101 .
b1101 +
#5270
b0 !
b0 /
b1110 (
b1110 .
b1110 +
#5275
b1111 (
b1111 .
b1111 +
#5280
b110 !
b110 /
b110 0
b0 (
b0 .
b10 '
b10 -
b10 *
b0 +
#5285
b10 0
b10 !
b10 /
b1 (
b1 .
b1 +
#5290
1%
1$
b11110 0
b1110 !
b1110 /
b10 (
b10 .
b10 +
#5295
b101 0
0%
0$
b101 !
b101 /
b11 (
b11 .
b11 +
#5300
b11 0
b11 !
b11 /
b100 (
b100 .
b100 +
#5305
b0 !
b0 /
b101 (
b101 .
b101 +
#5310
b110 !
b110 /
b110 (
b110 .
b110 +
#5315
b110 !
b110 /
b111 (
b111 .
b111 +
#5320
b11011 !
b11011 /
b1000 (
b1000 .
b1000 +
#5325
b1000 !
b1000 /
b1001 (
b1001 .
b1001 +
#5330
b10 !
b10 /
b1010 (
b1010 .
b1010 +
#5335
b1000 !
b1000 /
b1011 (
b1011 .
b1011 +
#5340
b10 !
b10 /
b1100 (
b1100 .
b1100 +
#5345
b1 !
b1 /
b1101 (
b1101 .
b1101 +
#5350
b0 !
b0 /
b1110 (
b1110 .
b1110 +
#5355
b1111 (
b1111 .
b1111 +
#5360
b111 !
b111 /
b111 0
b0 (
b0 .
b11 '
b11 -
b11 *
b0 +
#5365
b1 0
b1 !
b1 /
b1 (
b1 .
b1 +
#5370
1%
1$
b11111 0
b1111 !
b1111 /
b10 (
b10 .
b10 +
#5375
b101 0
0%
0$
b101 !
b101 /
b11 (
b11 .
b11 +
#5380
b11 0
b11 !
b11 /
b100 (
b100 .
b100 +
#5385
b0 !
b0 /
b101 (
b101 .
b101 +
#5390
b111 !
b111 /
b110 (
b110 .
b110 +
#5395
b111 !
b111 /
b111 (
b111 .
b111 +
#5400
b11011 !
b11011 /
b1000 (
b1000 .
b1000 +
#5405
b1000 !
b1000 /
b1001 (
b1001 .
b1001 +
#5410
b10 !
b10 /
b1010 (
b1010 .
b1010 +
#5415
b1000 !
b1000 /
b1011 (
b1011 .
b1011 +
#5420
b10 !
b10 /
b1100 (
b1100 .
b1100 +
#5425
b1 !
b1 /
b1101 (
b1101 .
b1101 +
#5430
b0 !
b0 /
b1110 (
b1110 .
b1110 +
#5435
b1111 (
b1111 .
b1111 +
#5440
b1000 !
b1000 /
b1000 0
b0 (
b0 .
b100 '
b100 -
b100 *
b0 +
#5445
b0 0
b0 !
b0 /
b1 (
b1 .
b1 +
#5450
b10 (
b10 .
b10 +
#5455
b101 !
b101 /
b101 0
b11 (
b11 .
b11 +
#5460
b11 0
b11 !
b11 /
b100 (
b100 .
b100 +
#5465
b100 !
b100 /
b101 (
b101 .
b101 +
#5470
b100 !
b100 /
b110 (
b110 .
b110 +
#5475
b0 !
b0 /
b111 (
b111 .
b111 +
#5480
b11011 !
b11011 /
b1000 (
b1000 .
b1000 +
#5485
b1000 !
b1000 /
b1001 (
b1001 .
b1001 +
#5490
b10 !
b10 /
b1010 (
b1010 .
b1010 +
#5495
b1000 !
b1000 /
b1011 (
b1011 .
b1011 +
#5500
b10 !
b10 /
b1100 (
b1100 .
b1100 +
#5505
b0 !
b0 /
b1101 (
b1101 .
b1101 +
#5510
b1 !
b1 /
b1110 (
b1110 .
b1110 +
#5515
b0 !
b0 /
b1111 (
b1111 .
b1111 +
#5520
b1001 !
b1001 /
b1001 0
b0 (
b0 .
b101 '
b101 -
b101 *
b0 +
#5525
1%
1$
b11111 0
b1111 !
b1111 /
b1 (
b1 .
b1 +
#5530
b1 0
0%
0$
b1 !
b1 /
b10 (
b10 .
b10 +
#5535
b101 0
b101 !
b101 /
b11 (
b11 .
b11 +
#5540
b11 0
b11 !
b11 /
b100 (
b100 .
b100 +
#5545
b100 !
b100 /
b101 (
b101 .
b101 +
#5550
b101 !
b101 /
b110 (
b110 .
b110 +
#5555
b1 !
b1 /
b111 (
b111 .
b111 +
#5560
b11011 !
b11011 /
b1000 (
b1000 .
b1000 +
#5565
b1000 !
b1000 /
b1001 (
b1001 .
b1001 +
#5570
b10 !
b10 /
b1010 (
b1010 .
b1010 +
#5575
b1000 !
b1000 /
b1011 (
b1011 .
b1011 +
#5580
b10 !
b10 /
b1100 (
b1100 .
b1100 +
#5585
b0 !
b0 /
b1101 (
b1101 .
b1101 +
#5590
b1110 (
b1110 .
b1110 +
#5595
b1111 (
b1111 .
b1111 +
#5600
b1010 !
b1010 /
b1010 0
b0 (
b0 .
b110 '
b110 -
b110 *
b0 +
#5605
1%
1$
b11110 0
b1110 !
b1110 /
b1 (
b1 .
b1 +
#5610
b10 0
0%
0$
b10 !
b10 /
b10 (
b10 .
b10 +
#5615
b101 0
b101 !
b101 /
b11 (
b11 .
b11 +
#5620
b11 0
b11 !
b11 /
b100 (
b100 .
b100 +
#5625
b100 !
b100 /
b101 (
b101 .
b101 +
#5630
b110 !
b110 /
b110 (
b110 .
b110 +
#5635
b10 !
b10 /
b111 (
b111 .
b111 +
#5640
b11011 !
b11011 /
b1000 (
b1000 .
b1000 +
#5645
b1000 !
b1000 /
b1001 (
b1001 .
b1001 +
#5650
b10 !
b10 /
b1010 (
b1010 .
b1010 +
#5655
b1000 !
b1000 /
b1011 (
b1011 .
b1011 +
#5660
b10 !
b10 /
b1100 (
b1100 .
b1100 +
#5665
b0 !
b0 /
b1101 (
b1101 .
b1101 +
#5670
b1110 (
b1110 .
b1110 +
#5675
b1111 (
b1111 .
b1111 +
#5680
b1011 !
b1011 /
b1011 0
b0 (
b0 .
b111 '
b111 -
b111 *
b0 +
#5685
1%
1$
b11101 0
b1101 !
b1101 /
b1 (
b1 .
b1 +
#5690
b11 0
0%
0$
b11 !
b11 /
b10 (
b10 .
b10 +
#5695
b101 0
b101 !
b101 /
b11 (
b11 .
b11 +
#5700
b11 0
b11 !
b11 /
b100 (
b100 .
b100 +
#5705
b100 !
b100 /
b101 (
b101 .
b101 +
#5710
b111 !
b111 /
b110 (
b110 .
b110 +
#5715
b11 !
b11 /
b111 (
b111 .
b111 +
#5720
b11011 !
b11011 /
b1000 (
b1000 .
b1000 +
#5725
b1000 !
b1000 /
b1001 (
b1001 .
b1001 +
#5730
b10 !
b10 /
b1010 (
b1010 .
b1010 +
#5735
b1000 !
b1000 /
b1011 (
b1011 .
b1011 +
#5740
b10 !
b10 /
b1100 (
b1100 .
b1100 +
#5745
b0 !
b0 /
b1101 (
b1101 .
b1101 +
#5750
b1110 (
b1110 .
b1110 +
#5755
b1111 (
b1111 .
b1111 +
#5760
b1100 !
b1100 /
b1100 0
b0 (
b0 .
b1000 '
b1000 -
b1000 *
b0 +
#5765
1%
1$
b11100 0
b1100 !
b1100 /
b1 (
b1 .
b1 +
#5770
b100 0
0%
0$
b100 !
b100 /
b10 (
b10 .
b10 +
#5775
b101 0
b101 !
b101 /
b11 (
b11 .
b11 +
#5780
b11 0
b11 !
b11 /
b100 (
b100 .
b100 +
#5785
b0 !
b0 /
b101 (
b101 .
b101 +
#5790
b1100 !
b1100 /
b110 (
b110 .
b110 +
#5795
b1100 !
b1100 /
b111 (
b111 .
b111 +
#5800
b11011 !
b11011 /
b1000 (
b1000 .
b1000 +
#5805
b1000 !
b1000 /
b1001 (
b1001 .
b1001 +
#5810
b10 !
b10 /
b1010 (
b1010 .
b1010 +
#5815
b1000 !
b1000 /
b1011 (
b1011 .
b1011 +
#5820
b10 !
b10 /
b1100 (
b1100 .
b1100 +
#5825
b0 !
b0 /
b1101 (
b1101 .
b1101 +
#5830
b1110 (
b1110 .
b1110 +
#5835
b1111 (
b1111 .
b1111 +
#5840
b1101 !
b1101 /
b1101 0
b0 (
b0 .
b1001 '
b1001 -
b1001 *
b0 +
#5845
1%
1$
b11011 0
b1011 !
b1011 /
b1 (
b1 .
b1 +
#5850
b101 0
0%
0$
b101 !
b101 /
b10 (
b10 .
b10 +
#5855
b101 !
b101 /
b11 (
b11 .
b11 +
#5860
b11 0
b11 !
b11 /
b100 (
b100 .
b100 +
#5865
b0 !
b0 /
b101 (
b101 .
b101 +
#5870
b1101 !
b1101 /
b110 (
b110 .
b110 +
#5875
b1101 !
b1101 /
b111 (
b111 .
b111 +
#5880
b11011 !
b11011 /
b1000 (
b1000 .
b1000 +
#5885
b1000 !
b1000 /
b1001 (
b1001 .
b1001 +
#5890
b10 !
b10 /
b1010 (
b1010 .
b1010 +
#5895
b1000 !
b1000 /
b1011 (
b1011 .
b1011 +
#5900
b10 !
b10 /
b1100 (
b1100 .
b1100 +
#5905
b0 !
b0 /
b1101 (
b1101 .
b1101 +
#5910
b1110 (
b1110 .
b1110 +
#5915
b1111 (
b1111 .
b1111 +
#5920
b1110 !
b1110 /
b1110 0
b0 (
b0 .
b1010 '
b1010 -
b1010 *
b0 +
#5925
1%
1$
b11010 0
b1010 !
b1010 /
b1 (
b1 .
b1 +
#5930
b110 0
0%
0$
b110 !
b110 /
b10 (
b10 .
b10 +
#5935
b101 0
b101 !
b101 /
b11 (
b11 .
b11 +
#5940
b11 0
b11 !
b11 /
b100 (
b100 .
b100 +
#5945
b0 !
b0 /
b101 (
b101 .
b101 +
#5950
b1110 !
b1110 /
b110 (
b110 .
b110 +
#5955
b1110 !
b1110 /
b111 (
b111 .
b111 +
#5960
b11011 !
b11011 /
b1000 (
b1000 .
b1000 +
#5965
b1000 !
b1000 /
b1001 (
b1001 .
b1001 +
#5970
b10 !
b10 /
b1010 (
b1010 .
b1010 +
#5975
b1000 !
b1000 /
b1011 (
b1011 .
b1011 +
#5980
b10 !
b10 /
b1100 (
b1100 .
b1100 +
#5985
b0 !
b0 /
b1101 (
b1101 .
b1101 +
#5990
b1110 (
b1110 .
b1110 +
#5995
b1111 (
b1111 .
b1111 +
#6000
b1111 !
b1111 /
b1111 0
b0 (
b0 .
b1011 '
b1011 -
b1011 *
b0 +
#6005
1%
1$
b11001 0
b1001 !
b1001 /
b1 (
b1 .
b1 +
#6010
b111 0
0%
0$
b111 !
b111 /
b10 (
b10 .
b10 +
#6015
b101 0
b101 !
b101 /
b11 (
b11 .
b11 +
#6020
b11 0
b11 !
b11 /
b100 (
b100 .
b100 +
#6025
b0 !
b0 /
b101 (
b101 .
b101 +
#6030
b1111 !
b1111 /
b110 (
b110 .
b110 +
#6035
b1111 !
b1111 /
b111 (
b111 .
b111 +
#6040
b11011 !
b11011 /
b1000 (
b1000 .
b1000 +
#6045
b1000 !
b1000 /
b1001 (
b1001 .
b1001 +
#6050
b10 !
b10 /
b1010 (
b1010 .
b1010 +
#6055
b1000 !
b1000 /
b1011 (
b1011 .
b1011 +
#6060
b10 !
b10 /
b1100 (
b1100 .
b1100 +
#6065
b0 !
b0 /
b1101 (
b1101 .
b1101 +
#6070
b1110 (
b1110 .
b1110 +
#6075
b1111 (
b1111 .
b1111 +
#6080
b10000 !
b10000 /
b10000 0
b0 (
b0 .
b1100 '
b1100 -
b1100 *
b0 +
#6085
1%
1$
b11000 0
b1000 !
b1000 /
b1 (
b1 .
b1 +
#6090
b1000 0
0%
0$
b1000 !
b1000 /
b10 (
b10 .
b10 +
#6095
b101 0
b101 !
b101 /
b11 (
b11 .
b11 +
#6100
b11 0
b11 !
b11 /
b100 (
b100 .
b100 +
#6105
b100 !
b100 /
b101 (
b101 .
b101 +
#6110
b1100 !
b1100 /
b110 (
b110 .
b110 +
#6115
b1000 !
b1000 /
b111 (
b111 .
b111 +
#6120
b11011 !
b11011 /
b1000 (
b1000 .
b1000 +
#6125
b1000 !
b1000 /
b1001 (
b1001 .
b1001 +
#6130
b10 !
b10 /
b1010 (
b1010 .
b1010 +
#6135
b1000 !
b1000 /
b1011 (
b1011 .
b1011 +
#6140
b10 !
b10 /
b1100 (
b1100 .
b1100 +
#6145
b0 !
b0 /
b1101 (
b1101 .
b1101 +
#6150
b1110 (
b1110 .
b1110 +
#6155
b1111 (
b1111 .
b1111 +
#6160
b10001 !
b10001 /
b10001 0
b0 (
b0 .
b1101 '
b1101 -
b1101 *
b0 +
#6165
1%
1$
b10111 0
b111 !
b111 /
b1 (
b1 .
b1 +
#6170
b1001 0
0%
0$
b1001 !
b1001 /
b10 (
b10 .
b10 +
#6175
b101 0
b101 !
b101 /
b11 (
b11 .
b11 +
#6180
b11 0
b11 !
b11 /
b100 (
b100 .
b100 +
#6185
b100 !
b100 /
b101 (
b101 .
b101 +
#6190
b1101 !
b1101 /
b110 (
b110 .
b110 +
#6195
b1001 !
b1001 /
b111 (
b111 .
b111 +
#6200
b11011 !
b11011 /
b1000 (
b1000 .
b1000 +
#6205
b1000 !
b1000 /
b1001 (
b1001 .
b1001 +
#6210
b10 !
b10 /
b1010 (
b1010 .
b1010 +
#6215
b1000 !
b1000 /
b1011 (
b1011 .
b1011 +
#6220
b10 !
b10 /
b1100 (
b1100 .
b1100 +
#6225
b0 !
b0 /
b1101 (
b1101 .
b1101 +
#6230
b1110 (
b1110 .
b1110 +
#6235
b1111 (
b1111 .
b1111 +
#6240
b10010 !
b10010 /
b10010 0
b0 (
b0 .
b1110 '
b1110 -
b1110 *
b0 +
#6245
1%
1$
b10110 0
b110 !
b110 /
b1 (
b1 .
b1 +
#6250
b1010 0
0%
0$
b1010 !
b1010 /
b10 (
b10 .
b10 +
#6255
b101 0
b101 !
b101 /
b11 (
b11 .
b11 +
#6260
b11 0
b11 !
b11 /
b100 (
b100 .
b100 +
#6265
b100 !
b100 /
b101 (
b101 .
b101 +
#6270
b1110 !
b1110 /
b110 (
b110 .
b110 +
#6275
b1010 !
b1010 /
b111 (
b111 .
b111 +
#6280
b11011 !
b11011 /
b1000 (
b1000 .
b1000 +
#6285
b1000 !
b1000 /
b1001 (
b1001 .
b1001 +
#6290
b10 !
b10 /
b1010 (
b1010 .
b1010 +
#6295
b1000 !
b1000 /
b1011 (
b1011 .
b1011 +
#6300
b10 !
b10 /
b1100 (
b1100 .
b1100 +
#6305
b0 !
b0 /
b1101 (
b1101 .
b1101 +
#6310
b1110 (
b1110 .
b1110 +
#6315
b1111 (
b1111 .
b1111 +
#6320
b10011 !
b10011 /
b10011 0
b0 (
b0 .
b1111 '
b1111 -
b1111 *
b0 +
#6325
1%
1$
b10101 0
b101 !
b101 /
b1 (
b1 .
b1 +
#6330
b1011 0
0%
0$
b1011 !
b1011 /
b10 (
b10 .
b10 +
#6335
b101 0
b101 !
b101 /
b11 (
b11 .
b11 +
#6340
b11 0
b11 !
b11 /
b100 (
b100 .
b100 +
#6345
b100 !
b100 /
b101 (
b101 .
b101 +
#6350
b1111 !
b1111 /
b110 (
b110 .
b110 +
#6355
b1011 !
b1011 /
b111 (
b111 .
b111 +
#6360
b11011 !
b11011 /
b1000 (
b1000 .
b1000 +
#6365
b1000 !
b1000 /
b1001 (
b1001 .
b1001 +
#6370
b10 !
b10 /
b1010 (
b1010 .
b1010 +
#6375
b1000 !
b1000 /
b1011 (
b1011 .
b1011 +
#6380
b10 !
b10 /
b1100 (
b1100 .
b1100 +
#6385
b0 !
b0 /
b1101 (
b1101 .
b1101 +
#6390
b1110 (
b1110 .
b1110 +
#6395
b1111 (
b1111 .
b1111 +
#6400
b101 !
b101 /
b101 0
b0 (
b0 .
b0 '
b0 -
b101 &
b101 ,
b101 )
b0 *
b0 +
#6405
b101 !
b101 /
b1 (
b1 .
b1 +
#6410
1%
1$
b11011 0
b1011 !
b1011 /
b10 (
b10 .
b10 +
#6415
b110 0
0%
0$
b110 !
b110 /
b11 (
b11 .
b11 +
#6420
b100 0
b100 !
b100 /
b100 (
b100 .
b100 +
#6425
b0 !
b0 /
b101 (
b101 .
b101 +
#6430
b101 !
b101 /
b110 (
b110 .
b110 +
#6435
b101 !
b101 /
b111 (
b111 .
b111 +
#6440
b11010 !
b11010 /
b1000 (
b1000 .
b1000 +
#6445
b1010 !
b1010 /
b1001 (
b1001 .
b1001 +
#6450
b1010 !
b1010 /
b1010 (
b1010 .
b1010 +
#6455
b1010 !
b1010 /
b1011 (
b1011 .
b1011 +
#6460
b10 !
b10 /
b1100 (
b1100 .
b1100 +
#6465
b1 !
b1 /
b1101 (
b1101 .
b1101 +
#6470
b0 !
b0 /
b1110 (
b1110 .
b1110 +
#6475
b1111 (
b1111 .
b1111 +
#6480
b110 !
b110 /
b110 0
b0 (
b0 .
b1 '
b1 -
b1 *
b0 +
#6485
b100 0
b100 !
b100 /
b1 (
b1 .
b1 +
#6490
1%
1$
b11100 0
b1100 !
b1100 /
b10 (
b10 .
b10 +
#6495
b110 0
0%
0$
b110 !
b110 /
b11 (
b11 .
b11 +
#6500
b100 0
b100 !
b100 /
b100 (
b100 .
b100 +
#6505
b1 !
b1 /
b101 (
b101 .
b101 +
#6510
b101 !
b101 /
b110 (
b110 .
b110 +
#6515
b100 !
b100 /
b111 (
b111 .
b111 +
#6520
b11010 !
b11010 /
b1000 (
b1000 .
b1000 +
#6525
b1010 !
b1010 /
b1001 (
b1001 .
b1001 +
#6530
b1010 !
b1010 /
b1010 (
b1010 .
b1010 +
#6535
b1010 !
b1010 /
b1011 (
b1011 .
b1011 +
#6540
b10 !
b10 /
b1100 (
b1100 .
b1100 +
#6545
b1 !
b1 /
b1101 (
b1101 .
b1101 +
#6550
b0 !
b0 /
b1110 (
b1110 .
b1110 +
#6555
b1111 (
b1111 .
b1111 +
#6560
b111 !
b111 /
b111 0
b0 (
b0 .
b10 '
b10 -
b10 *
b0 +
#6565
b11 0
b11 !
b11 /
b1 (
b1 .
b1 +
#6570
1%
1$
b11101 0
b1101 !
b1101 /
b10 (
b10 .
b10 +
#6575
b110 0
0%
0$
b110 !
b110 /
b11 (
b11 .
b11 +
#6580
b100 0
b100 !
b100 /
b100 (
b100 .
b100 +
#6585
b0 !
b0 /
b101 (
b101 .
b101 +
#6590
b111 !
b111 /
b110 (
b110 .
b110 +
#6595
b111 !
b111 /
b111 (
b111 .
b111 +
#6600
b11010 !
b11010 /
b1000 (
b1000 .
b1000 +
#6605
b1010 !
b1010 /
b1001 (
b1001 .
b1001 +
#6610
b1010 !
b1010 /
b1010 (
b1010 .
b1010 +
#6615
b1010 !
b1010 /
b1011 (
b1011 .
b1011 +
#6620
b10 !
b10 /
b1100 (
b1100 .
b1100 +
#6625
b1 !
b1 /
b1101 (
b1101 .
b1101 +
#6630
b0 !
b0 /
b1110 (
b1110 .
b1110 +
#6635
b1111 (
b1111 .
b1111 +
#6640
b1000 !
b1000 /
b1000 0
b0 (
b0 .
b11 '
b11 -
b11 *
b0 +
#6645
b10 0
b10 !
b10 /
b1 (
b1 .
b1 +
#6650
1%
1$
b11110 0
b1110 !
b1110 /
b10 (
b10 .
b10 +
#6655
b110 0
0%
0$
b110 !
b110 /
b11 (
b11 .
b11 +
#6660
b100 0
b100 !
b100 /
b100 (
b100 .
b100 +
#6665
b1 !
b1 /
b101 (
b101 .
b101 +
#6670
b111 !
b111 /
b110 (
b110 .
b110 +
#6675
b110 !
b110 /
b111 (
b111 .
b111 +
#6680
b11010 !
b11010 /
b1000 (
b1000 .
b1000 +
#6685
b1010 !
b1010 /
b1001 (
b1001 .
b1001 +
#6690
b1010 !
b1010 /
b1010 (
b1010 .
b1010 +
#6695
b1010 !
b1010 /
b1011 (
b1011 .
b1011 +
#6700
b10 !
b10 /
b1100 (
b1100 .
b1100 +
#6705
b1 !
b1 /
b1101 (
b1101 .
b1101 +
#6710
b0 !
b0 /
b1110 (
b1110 .
b1110 +
#6715
b1111 (
b1111 .
b1111 +
#6720
b1001 !
b1001 /
b1001 0
b0 (
b0 .
b100 '
b100 -
b100 *
b0 +
#6725
b1 0
b1 !
b1 /
b1 (
b1 .
b1 +
#6730
1%
1$
b11111 0
b1111 !
b1111 /
b10 (
b10 .
b10 +
#6735
b110 0
0%
0$
b110 !
b110 /
b11 (
b11 .
b11 +
#6740
b100 0
b100 !
b100 /
b100 (
b100 .
b100 +
#6745
b100 !
b100 /
b101 (
b101 .
b101 +
#6750
b101 !
b101 /
b110 (
b110 .
b110 +
#6755
b1 !
b1 /
b111 (
b111 .
b111 +
#6760
b11010 !
b11010 /
b1000 (
b1000 .
b1000 +
#6765
b1010 !
b1010 /
b1001 (
b1001 .
b1001 +
#6770
b1010 !
b1010 /
b1010 (
b1010 .
b1010 +
#6775
b1010 !
b1010 /
b1011 (
b1011 .
b1011 +
#6780
b10 !
b10 /
b1100 (
b1100 .
b1100 +
#6785
b1 !
b1 /
b1101 (
b1101 .
b1101 +
#6790
b0 !
b0 /
b1110 (
b1110 .
b1110 +
#6795
b1111 (
b1111 .
b1111 +
#6800
b1010 !
b1010 /
b1010 0
b0 (
b0 .
b101 '
b101 -
b101 *
b0 +
#6805
b0 0
b0 !
b0 /
b1 (
b1 .
b1 +
#6810
b10 (
b10 .
b10 +
#6815
b110 !
b110 /
b110 0
b11 (
b11 .
b11 +
#6820
b100 0
b100 !
b100 /
b100 (
b100 .
b100 +
#6825
b101 !
b101 /
b101 (
b101 .
b101 +
#6830
b101 !
b101 /
b110 (
b110 .
b110 +
#6835
b0 !
b0 /
b111 (
b111 .
b111 +
#6840
b11010 !
b11010 /
b1000 (
b1000 .
b1000 +
#6845
b1010 !
b1010 /
b1001 (
b1001 .
b1001 +
#6850
b1010 !
b1010 /
b1010 (
b1010 .
b1010 +
#6855
b1010 !
b1010 /
b1011 (
b1011 .
b1011 +
#6860
b10 !
b10 /
b1100 (
b1100 .
b1100 +
#6865
b0 !
b0 /
b1101 (
b1101 .
b1101 +
#6870
b1 !
b1 /
b1110 (
b1110 .
b1110 +
#6875
b0 !
b0 /
b1111 (
b1111 .
b1111 +
#6880
b1011 !
b1011 /
b1011 0
b0 (
b0 .
b110 '
b110 -
b110 *
b0 +
#6885
1%
1$
b11111 0
b1111 !
b1111 /
b1 (
b1 .
b1 +
#6890
b1 0
0%
0$
b1 !
b1 /
b10 (
b10 .
b10 +
#6895
b110 0
b110 !
b110 /
b11 (
b11 .
b11 +
#6900
b100 0
b100 !
b100 /
b100 (
b100 .
b100 +
#6905
b100 !
b100 /
b101 (
b101 .
b101 +
#6910
b111 !
b111 /
b110 (
b110 .
b110 +
#6915
b11 !
b11 /
b111 (
b111 .
b111 +
#6920
b11010 !
b11010 /
b1000 (
b1000 .
b1000 +
#6925
b1010 !
b1010 /
b1001 (
b1001 .
b1001 +
#6930
b1010 !
b1010 /
b1010 (
b1010 .
b1010 +
#6935
b1010 !
b1010 /
b1011 (
b1011 .
b1011 +
#6940
b10 !
b10 /
b1100 (
b1100 .
b1100 +
#6945
b0 !
b0 /
b1101 (
b1101 .
b1101 +
#6950
b1110 (
b1110 .
b1110 +
#6955
b1111 (
b1111 .
b1111 +
#6960
b1100 !
b1100 /
b1100 0
b0 (
b0 .
b111 '
b111 -
b111 *
b0 +
#6965
1%
1$
b11110 0
b1110 !
b1110 /
b1 (
b1 .
b1 +
#6970
b10 0
0%
0$
b10 !
b10 /
b10 (
b10 .
b10 +
#6975
b110 0
b110 !
b110 /
b11 (
b11 .
b11 +
#6980
b100 0
b100 !
b100 /
b100 (
b100 .
b100 +
#6985
b101 !
b101 /
b101 (
b101 .
b101 +
#6990
b111 !
b111 /
b110 (
b110 .
b110 +
#6995
b10 !
b10 /
b111 (
b111 .
b111 +
#7000
b11010 !
b11010 /
b1000 (
b1000 .
b1000 +
#7005
b1010 !
b1010 /
b1001 (
b1001 .
b1001 +
#7010
b1010 !
b1010 /
b1010 (
b1010 .
b1010 +
#7015
b1010 !
b1010 /
b1011 (
b1011 .
b1011 +
#7020
b10 !
b10 /
b1100 (
b1100 .
b1100 +
#7025
b0 !
b0 /
b1101 (
b1101 .
b1101 +
#7030
b1110 (
b1110 .
b1110 +
#7035
b1111 (
b1111 .
b1111 +
#7040
b1101 !
b1101 /
b1101 0
b0 (
b0 .
b1000 '
b1000 -
b1000 *
b0 +
#7045
1%
1$
b11101 0
b1101 !
b1101 /
b1 (
b1 .
b1 +
#7050
b11 0
0%
0$
b11 !
b11 /
b10 (
b10 .
b10 +
#7055
b110 0
b110 !
b110 /
b11 (
b11 .
b11 +
#7060
b100 0
b100 !
b100 /
b100 (
b100 .
b100 +
#7065
b0 !
b0 /
b101 (
b101 .
b101 +
#7070
b1101 !
b1101 /
b110 (
b110 .
b110 +
#7075
b1101 !
b1101 /
b111 (
b111 .
b111 +
#7080
b11010 !
b11010 /
b1000 (
b1000 .
b1000 +
#7085
b1010 !
b1010 /
b1001 (
b1001 .
b1001 +
#7090
b1010 !
b1010 /
b1010 (
b1010 .
b1010 +
#7095
b1010 !
b1010 /
b1011 (
b1011 .
b1011 +
#7100
b10 !
b10 /
b1100 (
b1100 .
b1100 +
#7105
b0 !
b0 /
b1101 (
b1101 .
b1101 +
#7110
b1110 (
b1110 .
b1110 +
#7115
b1111 (
b1111 .
b1111 +
#7120
b1110 !
b1110 /
b1110 0
b0 (
b0 .
b1001 '
b1001 -
b1001 *
b0 +
#7125
1%
1$
b11100 0
b1100 !
b1100 /
b1 (
b1 .
b1 +
#7130
b100 0
0%
0$
b100 !
b100 /
b10 (
b10 .
b10 +
#7135
b110 0
b110 !
b110 /
b11 (
b11 .
b11 +
#7140
b100 0
b100 !
b100 /
b100 (
b100 .
b100 +
#7145
b1 !
b1 /
b101 (
b101 .
b101 +
#7150
b1101 !
b1101 /
b110 (
b110 .
b110 +
#7155
b1100 !
b1100 /
b111 (
b111 .
b111 +
#7160
b11010 !
b11010 /
b1000 (
b1000 .
b1000 +
#7165
b1010 !
b1010 /
b1001 (
b1001 .
b1001 +
#7170
b1010 !
b1010 /
b1010 (
b1010 .
b1010 +
#7175
b1010 !
b1010 /
b1011 (
b1011 .
b1011 +
#7180
b10 !
b10 /
b1100 (
b1100 .
b1100 +
#7185
b0 !
b0 /
b1101 (
b1101 .
b1101 +
#7190
b1110 (
b1110 .
b1110 +
#7195
b1111 (
b1111 .
b1111 +
#7200
b1111 !
b1111 /
b1111 0
b0 (
b0 .
b1010 '
b1010 -
b1010 *
b0 +
#7205
1%
1$
b11011 0
b1011 !
b1011 /
b1 (
b1 .
b1 +
#7210
b101 0
0%
0$
b101 !
b101 /
b10 (
b10 .
b10 +
#7215
b110 0
b110 !
b110 /
b11 (
b11 .
b11 +
#7220
b100 0
b100 !
b100 /
b100 (
b100 .
b100 +
#7225
b0 !
b0 /
b101 (
b101 .
b101 +
#7230
b1111 !
b1111 /
b110 (
b110 .
b110 +
#7235
b1111 !
b1111 /
b111 (
b111 .
b111 +
#7240
b11010 !
b11010 /
b1000 (
b1000 .
b1000 +
#7245
b1010 !
b1010 /
b1001 (
b1001 .
b1001 +
#7250
b1010 !
b1010 /
b1010 (
b1010 .
b1010 +
#7255
b1010 !
b1010 /
b1011 (
b1011 .
b1011 +
#7260
b10 !
b10 /
b1100 (
b1100 .
b1100 +
#7265
b0 !
b0 /
b1101 (
b1101 .
b1101 +
#7270
b1110 (
b1110 .
b1110 +
#7275
b1111 (
b1111 .
b1111 +
#7280
b10000 !
b10000 /
b10000 0
b0 (
b0 .
b1011 '
b1011 -
b1011 *
b0 +
#7285
1%
1$
b11010 0
b1010 !
b1010 /
b1 (
b1 .
b1 +
#7290
b110 0
0%
0$
b110 !
b110 /
b10 (
b10 .
b10 +
#7295
b110 !
b110 /
b11 (
b11 .
b11 +
#7300
b100 0
b100 !
b100 /
b100 (
b100 .
b100 +
#7305
b1 !
b1 /
b101 (
b101 .
b101 +
#7310
b1111 !
b1111 /
b110 (
b110 .
b110 +
#7315
b1110 !
b1110 /
b111 (
b111 .
b111 +
#7320
b11010 !
b11010 /
b1000 (
b1000 .
b1000 +
#7325
b1010 !
b1010 /
b1001 (
b1001 .
b1001 +
#7330
b1010 !
b1010 /
b1010 (
b1010 .
b1010 +
#7335
b1010 !
b1010 /
b1011 (
b1011 .
b1011 +
#7340
b10 !
b10 /
b1100 (
b1100 .
b1100 +
#7345
b0 !
b0 /
b1101 (
b1101 .
b1101 +
#7350
b1110 (
b1110 .
b1110 +
#7355
b1111 (
b1111 .
b1111 +
#7360
b10001 !
b10001 /
b10001 0
b0 (
b0 .
b1100 '
b1100 -
b1100 *
b0 +
#7365
1%
1$
b11001 0
b1001 !
b1001 /
b1 (
b1 .
b1 +
#7370
b111 0
0%
0$
b111 !
b111 /
b10 (
b10 .
b10 +
#7375
b110 0
b110 !
b110 /
b11 (
b11 .
b11 +
#7380
b100 0
b100 !
b100 /
b100 (
b100 .
b100 +
#7385
b100 !
b100 /
b101 (
b101 .
b101 +
#7390
b1101 !
b1101 /
b110 (
b110 .
b110 +
#7395
b1001 !
b1001 /
b111 (
b111 .
b111 +
#7400
b11010 !
b11010 /
b1000 (
b1000 .
b1000 +
#7405
b1010 !
b1010 /
b1001 (
b1001 .
b1001 +
#7410
b1010 !
b1010 /
b1010 (
b1010 .
b1010 +
#7415
b1010 !
b1010 /
b1011 (
b1011 .
b1011 +
#7420
b10 !
b10 /
b1100 (
b1100 .
b1100 +
#7425
b0 !
b0 /
b1101 (
b1101 .
b1101 +
#7430
b1110 (
b1110 .
b1110 +
#7435
b1111 (
b1111 .
b1111 +
#7440
b10010 !
b10010 /
b10010 0
b0 (
b0 .
b1101 '
b1101 -
b1101 *
b0 +
#7445
1%
1$
b11000 0
b1000 !
b1000 /
b1 (
b1 .
b1 +
#7450
b1000 0
0%
0$
b1000 !
b1000 /
b10 (
b10 .
b10 +
#7455
b110 0
b110 !
b110 /
b11 (
b11 .
b11 +
#7460
b100 0
b100 !
b100 /
b100 (
b100 .
b100 +
#7465
b101 !
b101 /
b101 (
b101 .
b101 +
#7470
b1101 !
b1101 /
b110 (
b110 .
b110 +
#7475
b1000 !
b1000 /
b111 (
b111 .
b111 +
#7480
b11010 !
b11010 /
b1000 (
b1000 .
b1000 +
#7485
b1010 !
b1010 /
b1001 (
b1001 .
b1001 +
#7490
b1010 !
b1010 /
b1010 (
b1010 .
b1010 +
#7495
b1010 !
b1010 /
b1011 (
b1011 .
b1011 +
#7500
b10 !
b10 /
b1100 (
b1100 .
b1100 +
#7505
b0 !
b0 /
b1101 (
b1101 .
b1101 +
#7510
b1110 (
b1110 .
b1110 +
#7515
b1111 (
b1111 .
b1111 +
#7520
b10011 !
b10011 /
b10011 0
b0 (
b0 .
b1110 '
b1110 -
b1110 *
b0 +
#7525
1%
1$
b10111 0
b111 !
b111 /
b1 (
b1 .
b1 +
#7530
b1001 0
0%
0$
b1001 !
b1001 /
b10 (
b10 .
b10 +
#7535
b110 0
b110 !
b110 /
b11 (
b11 .
b11 +
#7540
b100 0
b100 !
b100 /
b100 (
b100 .
b100 +
#7545
b100 !
b100 /
b101 (
b101 .
b101 +
#7550
b1111 !
b1111 /
b110 (
b110 .
b110 +
#7555
b1011 !
b1011 /
b111 (
b111 .
b111 +
#7560
b11010 !
b11010 /
b1000 (
b1000 .
b1000 +
#7565
b1010 !
b1010 /
b1001 (
b1001 .
b1001 +
#7570
b1010 !
b1010 /
b1010 (
b1010 .
b1010 +
#7575
b1010 !
b1010 /
b1011 (
b1011 .
b1011 +
#7580
b10 !
b10 /
b1100 (
b1100 .
b1100 +
#7585
b0 !
b0 /
b1101 (
b1101 .
b1101 +
#7590
b1110 (
b1110 .
b1110 +
#7595
b1111 (
b1111 .
b1111 +
#7600
b10100 !
b10100 /
b10100 0
b0 (
b0 .
b1111 '
b1111 -
b1111 *
b0 +
#7605
1%
1$
b10110 0
b110 !
b110 /
b1 (
b1 .
b1 +
#7610
b1010 0
0%
0$
b1010 !
b1010 /
b10 (
b10 .
b10 +
#7615
b110 0
b110 !
b110 /
b11 (
b11 .
b11 +
#7620
b100 0
b100 !
b100 /
b100 (
b100 .
b100 +
#7625
b101 !
b101 /
b101 (
b101 .
b101 +
#7630
b1111 !
b1111 /
b110 (
b110 .
b110 +
#7635
b1010 !
b1010 /
b111 (
b111 .
b111 +
#7640
b11010 !
b11010 /
b1000 (
b1000 .
b1000 +
#7645
b1010 !
b1010 /
b1001 (
b1001 .
b1001 +
#7650
b1010 !
b1010 /
b1010 (
b1010 .
b1010 +
#7655
b1010 !
b1010 /
b1011 (
b1011 .
b1011 +
#7660
b10 !
b10 /
b1100 (
b1100 .
b1100 +
#7665
b0 !
b0 /
b1101 (
b1101 .
b1101 +
#7670
b1110 (
b1110 .
b1110 +
#7675
b1111 (
b1111 .
b1111 +
#7680
b110 !
b110 /
b110 0
b0 (
b0 .
b0 '
b0 -
b110 &
b110 ,
b110 )
b0 *
b0 +
#7685
b110 !
b110 /
b1 (
b1 .
b1 +
#7690
1%
1$
b11010 0
b1010 !
b1010 /
b10 (
b10 .
b10 +
#7695
b111 0
0%
0$
b111 !
b111 /
b11 (
b11 .
b11 +
#7700
b101 0
b101 !
b101 /
b100 (
b100 .
b100 +
#7705
b0 !
b0 /
b101 (
b101 .
b101 +
#7710
b110 !
b110 /
b110 (
b110 .
b110 +
#7715
b110 !
b110 /
b111 (
b111 .
b111 +
#7720
b11001 !
b11001 /
b1000 (
b1000 .
b1000 +
#7725
b1100 !
b1100 /
b1001 (
b1001 .
b1001 +
#7730
b11 !
b11 /
b1010 (
b1010 .
b1010 +
#7735
b1100 !
b1100 /
b1011 (
b1011 .
b1011 +
#7740
b11 !
b11 /
b1100 (
b1100 .
b1100 +
#7745
b1 !
b1 /
b1101 (
b1101 .
b1101 +
#7750
b0 !
b0 /
b1110 (
b1110 .
b1110 +
#7755
b1111 (
b1111 .
b1111 +
#7760
b111 !
b111 /
b111 0
b0 (
b0 .
b1 '
b1 -
b1 *
b0 +
#7765
b101 0
b101 !
b101 /
b1 (
b1 .
b1 +
#7770
1%
1$
b11011 0
b1011 !
b1011 /
b10 (
b10 .
b10 +
#7775
b111 0
0%
0$
b111 !
b111 /
b11 (
b11 .
b11 +
#7780
b101 0
b101 !
b101 /
b100 (
b100 .
b100 +
#7785
b0 !
b0 /
b101 (
b101 .
b101 +
#7790
b111 !
b111 /
b110 (
b110 .
b110 +
#7795
b111 !
b111 /
b111 (
b111 .
b111 +
#7800
b11001 !
b11001 /
b1000 (
b1000 .
b1000 +
#7805
b1100 !
b1100 /
b1001 (
b1001 .
b1001 +
#7810
b11 !
b11 /
b1010 (
b1010 .
b1010 +
#7815
b1100 !
b1100 /
b1011 (
b1011 .
b1011 +
#7820
b11 !
b11 /
b1100 (
b1100 .
b1100 +
#7825
b1 !
b1 /
b1101 (
b1101 .
b1101 +
#7830
b0 !
b0 /
b1110 (
b1110 .
b1110 +
#7835
b1111 (
b1111 .
b1111 +
#7840
b1000 !
b1000 /
b1000 0
b0 (
b0 .
b10 '
b10 -
b10 *
b0 +
#7845
b100 0
b100 !
b100 /
b1 (
b1 .
b1 +
#7850
1%
1$
b11100 0
b1100 !
b1100 /
b10 (
b10 .
b10 +
#7855
b111 0
0%
0$
b111 !
b111 /
b11 (
b11 .
b11 +
#7860
b101 0
b101 !
b101 /
b100 (
b100 .
b100 +
#7865
b10 !
b10 /
b101 (
b101 .
b101 +
#7870
b110 !
b110 /
b110 (
b110 .
b110 +
#7875
b100 !
b100 /
b111 (
b111 .
b111 +
#7880
b11001 !
b11001 /
b1000 (
b1000 .
b1000 +
#7885
b1100 !
b1100 /
b1001 (
b1001 .
b1001 +
#7890
b11 !
b11 /
b1010 (
b1010 .
b1010 +
#7895
b1100 !
b1100 /
b1011 (
b1011 .
b1011 +
#7900
b11 !
b11 /
b1100 (
b1100 .
b1100 +
#7905
b1 !
b1 /
b1101 (
b1101 .
b1101 +
#7910
b0 !
b0 /
b1110 (
b1110 .
b1110 +
#7915
b1111 (
b1111 .
b1111 +
#7920
b1001 !
b1001 /
b1001 0
b0 (
b0 .
b11 '
b11 -
b11 *
b0 +
#7925
b11 0
b11 !
b11 /
b1 (
b1 .
b1 +
#7930
1%
1$
b11101 0
b1101 !
b1101 /
b10 (
b10 .
b10 +
#7935
b111 0
0%
0$
b111 !
b111 /
b11 (
b11 .
b11 +
#7940
b101 0
b101 !
b101 /
b100 (
b100 .
b100 +
#7945
b10 !
b10 /
b101 (
b101 .
b101 +
#7950
b111 !
b111 /
b110 (
b110 .
b110 +
#7955
b101 !
b101 /
b111 (
b111 .
b111 +
#7960
b11001 !
b11001 /
b1000 (
b1000 .
b1000 +
#7965
b1100 !
b1100 /
b1001 (
b1001 .
b1001 +
#7970
b11 !
b11 /
b1010 (
b1010 .
b1010 +
#7975
b1100 !
b1100 /
b1011 (
b1011 .
b1011 +
#7980
b11 !
b11 /
b1100 (
b1100 .
b1100 +
#7985
b1 !
b1 /
b1101 (
b1101 .
b1101 +
#7990
b0 !
b0 /
b1110 (
b1110 .
b1110 +
#7995
b1111 (
b1111 .
b1111 +
#8000
b1010 !
b1010 /
b1010 0
b0 (
b0 .
b100 '
b100 -
b100 *
b0 +
#8005
b10 0
b10 !
b10 /
b1 (
b1 .
b1 +
#8010
1%
1$
b11110 0
b1110 !
b1110 /
b10 (
b10 .
b10 +
#8015
b111 0
0%
0$
b111 !
b111 /
b11 (
b11 .
b11 +
#8020
b101 0
b101 !
b101 /
b100 (
b100 .
b100 +
#8025
b100 !
b100 /
b101 (
b101 .
b101 +
#8030
b110 !
b110 /
b110 (
b110 .
b110 +
#8035
b10 !
b10 /
b111 (
b111 .
b111 +
#8040
b11001 !
b11001 /
b1000 (
b1000 .
b1000 +
#8045
b1100 !
b1100 /
b1001 (
b1001 .
b1001 +
#8050
b11 !
b11 /
b1010 (
b1010 .
b1010 +
#8055
b1100 !
b1100 /
b1011 (
b1011 .
b1011 +
#8060
b11 !
b11 /
b1100 (
b1100 .
b1100 +
#8065
b1 !
b1 /
b1101 (
b1101 .
b1101 +
#8070
b0 !
b0 /
b1110 (
b1110 .
b1110 +
#8075
b1111 (
b1111 .
b1111 +
#8080
b1011 !
b1011 /
b1011 0
b0 (
b0 .
b101 '
b101 -
b101 *
b0 +
#8085
b1 0
b1 !
b1 /
b1 (
b1 .
b1 +
#8090
1%
1$
b11111 0
b1111 !
b1111 /
b10 (
b10 .
b10 +
#8095
b111 0
0%
0$
b111 !
b111 /
b11 (
b11 .
b11 +
#8100
b101 0
b101 !
b101 /
b100 (
b100 .
b100 +
#8105
b100 !
b100 /
b101 (
b101 .
b101 +
#8110
b111 !
b111 /
b110 (
b110 .
b110 +
#8115
b11 !
b11 /
b111 (
b111 .
b111 +
#8120
b11001 !
b11001 /
b1000 (
b1000 .
b1000 +
#8125
b1100 !
b1100 /
b1001 (
b1001 .
b1001 +
#8130
b11 !
b11 /
b1010 (
b1010 .
b1010 +
#8135
b1100 !
b1100 /
b1011 (
b1011 .
b1011 +
#8140
b11 !
b11 /
b1100 (
b1100 .
b1100 +
#8145
b1 !
b1 /
b1101 (
b1101 .
b1101 +
#8150
b0 !
b0 /
b1110 (
b1110 .
b1110 +
#8155
b1111 (
b1111 .
b1111 +
#8160
b1100 !
b1100 /
b1100 0
b0 (
b0 .
b110 '
b110 -
b110 *
b0 +
#8165
b0 0
b0 !
b0 /
b1 (
b1 .
b1 +
#8170
b10 (
b10 .
b10 +
#8175
b111 !
b111 /
b111 0
b11 (
b11 .
b11 +
#8180
b101 0
b101 !
b101 /
b100 (
b100 .
b100 +
#8185
b110 !
b110 /
b101 (
b101 .
b101 +
#8190
b110 !
b110 /
b110 (
b110 .
b110 +
#8195
b0 !
b0 /
b111 (
b111 .
b111 +
#8200
b11001 !
b11001 /
b1000 (
b1000 .
b1000 +
#8205
b1100 !
b1100 /
b1001 (
b1001 .
b1001 +
#8210
b11 !
b11 /
b1010 (
b1010 .
b1010 +
#8215
b1100 !
b1100 /
b1011 (
b1011 .
b1011 +
#8220
b11 !
b11 /
b1100 (
b1100 .
b1100 +
#8225
b0 !
b0 /
b1101 (
b1101 .
b1101 +
#8230
b1 !
b1 /
b1110 (
b1110 .
b1110 +
#8235
b0 !
b0 /
b1111 (
b1111 .
b1111 +
#8240
b1101 !
b1101 /
b1101 0
b0 (
b0 .
b111 '
b111 -
b111 *
b0 +
#8245
1%
1$
b11111 0
b1111 !
b1111 /
b1 (
b1 .
b1 +
#8250
b1 0
0%
0$
b1 !
b1 /
b10 (
b10 .
b10 +
#8255
b111 0
b111 !
b111 /
b11 (
b11 .
b11 +
#8260
b101 0
b101 !
b101 /
b100 (
b100 .
b100 +
#8265
b110 !
b110 /
b101 (
b101 .
b101 +
#8270
b111 !
b111 /
b110 (
b110 .
b110 +
#8275
b1 !
b1 /
b111 (
b111 .
b111 +
#8280
b11001 !
b11001 /
b1000 (
b1000 .
b1000 +
#8285
b1100 !
b1100 /
b1001 (
b1001 .
b1001 +
#8290
b11 !
b11 /
b1010 (
b1010 .
b1010 +
#8295
b1100 !
b1100 /
b1011 (
b1011 .
b1011 +
#8300
b11 !
b11 /
b1100 (
b1100 .
b1100 +
#8305
b0 !
b0 /
b1101 (
b1101 .
b1101 +
#8310
b1110 (
b1110 .
b1110 +
#8315
b1111 (
b1111 .
b1111 +
#8320
b1110 !
b1110 /
b1110 0
b0 (
b0 .
b1000 '
b1000 -
b1000 *
b0 +
#8325
1%
1$
b11110 0
b1110 !
b1110 /
b1 (
b1 .
b1 +
#8330
b10 0
0%
0$
b10 !
b10 /
b10 (
b10 .
b10 +
#8335
b111 0
b111 !
b111 /
b11 (
b11 .
b11 +
#8340
b101 0
b101 !
b101 /
b100 (
b100 .
b100 +
#8345
b0 !
b0 /
b101 (
b101 .
b101 +
#8350
b1110 !
b1110 /
b110 (
b110 .
b110 +
#8355
b1110 !
b1110 /
b111 (
b111 .
b111 +
#8360
b11001 !
b11001 /
b1000 (
b1000 .
b1000 +
#8365
b1100 !
b1100 /
b1001 (
b1001 .
b1001 +
#8370
b11 !
b11 /
b1010 (
b1010 .
b1010 +
#8375
b1100 !
b1100 /
b1011 (
b1011 .
b1011 +
#8380
b11 !
b11 /
b1100 (
b1100 .
b1100 +
#8385
b0 !
b0 /
b1101 (
b1101 .
b1101 +
#8390
b1110 (
b1110 .
b1110 +
#8395
b1111 (
b1111 .
b1111 +
#8400
b1111 !
b1111 /
b1111 0
b0 (
b0 .
b1001 '
b1001 -
b1001 *
b0 +
#8405
1%
1$
b11101 0
b1101 !
b1101 /
b1 (
b1 .
b1 +
#8410
b11 0
0%
0$
b11 !
b11 /
b10 (
b10 .
b10 +
#8415
b111 0
b111 !
b111 /
b11 (
b11 .
b11 +
#8420
b101 0
b101 !
b101 /
b100 (
b100 .
b100 +
#8425
b0 !
b0 /
b101 (
b101 .
b101 +
#8430
b1111 !
b1111 /
b110 (
b110 .
b110 +
#8435
b1111 !
b1111 /
b111 (
b111 .
b111 +
#8440
b11001 !
b11001 /
b1000 (
b1000 .
b1000 +
#8445
b1100 !
b1100 /
b1001 (
b1001 .
b1001 +
#8450
b11 !
b11 /
b1010 (
b1010 .
b1010 +
#8455
b1100 !
b1100 /
b1011 (
b1011 .
b1011 +
#8460
b11 !
b11 /
b1100 (
b1100 .
b1100 +
#8465
b0 !
b0 /
b1101 (
b1101 .
b1101 +
#8470
b1110 (
b1110 .
b1110 +
#8475
b1111 (
b1111 .
b1111 +
#8480
b10000 !
b10000 /
b10000 0
b0 (
b0 .
b1010 '
b1010 -
b1010 *
b0 +
#8485
1%
1$
b11100 0
b1100 !
b1100 /
b1 (
b1 .
b1 +
#8490
b100 0
0%
0$
b100 !
b100 /
b10 (
b10 .
b10 +
#8495
b111 0
b111 !
b111 /
b11 (
b11 .
b11 +
#8500
b101 0
b101 !
b101 /
b100 (
b100 .
b100 +
#8505
b10 !
b10 /
b101 (
b101 .
b101 +
#8510
b1110 !
b1110 /
b110 (
b110 .
b110 +
#8515
b1100 !
b1100 /
b111 (
b111 .
b111 +
#8520
b11001 !
b11001 /
b1000 (
b1000 .
b1000 +
#8525
b1100 !
b1100 /
b1001 (
b1001 .
b1001 +
#8530
b11 !
b11 /
b1010 (
b1010 .
b1010 +
#8535
b1100 !
b1100 /
b1011 (
b1011 .
b1011 +
#8540
b11 !
b11 /
b1100 (
b1100 .
b1100 +
#8545
b0 !
b0 /
b1101 (
b1101 .
b1101 +
#8550
b1110 (
b1110 .
b1110 +
#8555
b1111 (
b1111 .
b1111 +
#8560
b10001 !
b10001 /
b10001 0
b0 (
b0 .
b1011 '
b1011 -
b1011 *
b0 +
#8565
1%
1$
b11011 0
b1011 !
b1011 /
b1 (
b1 .
b1 +
#8570
b101 0
0%
0$
b101 !
b101 /
b10 (
b10 .
b10 +
#8575
b111 0
b111 !
b111 /
b11 (
b11 .
b11 +
#8580
b101 0
b101 !
b101 /
b100 (
b100 .
b100 +
#8585
b10 !
b10 /
b101 (
b101 .
b101 +
#8590
b1111 !
b1111 /
b110 (
b110 .
b110 +
#8595
b1101 !
b1101 /
b111 (
b111 .
b111 +
#8600
b11001 !
b11001 /
b1000 (
b1000 .
b1000 +
#8605
b1100 !
b1100 /
b1001 (
b1001 .
b1001 +
#8610
b11 !
b11 /
b1010 (
b1010 .
b1010 +
#8615
b1100 !
b1100 /
b1011 (
b1011 .
b1011 +
#8620
b11 !
b11 /
b1100 (
b1100 .
b1100 +
#8625
b0 !
b0 /
b1101 (
b1101 .
b1101 +
#8630
b1110 (
b1110 .
b1110 +
#8635
b1111 (
b1111 .
b1111 +
#8640
b10010 !
b10010 /
b10010 0
b0 (
b0 .
b1100 '
b1100 -
b1100 *
b0 +
#8645
1%
1$
b11010 0
b1010 !
b1010 /
b1 (
b1 .
b1 +
#8650
b110 0
0%
0$
b110 !
b110 /
b10 (
b10 .
b10 +
#8655
b111 0
b111 !
b111 /
b11 (
b11 .
b11 +
#8660
b101 0
b101 !
b101 /
b100 (
b100 .
b100 +
#8665
b100 !
b100 /
b101 (
b101 .
b101 +
#8670
b1110 !
b1110 /
b110 (
b110 .
b110 +
#8675
b1010 !
b1010 /
b111 (
b111 .
b111 +
#8680
b11001 !
b11001 /
b1000 (
b1000 .
b1000 +
#8685
b1100 !
b1100 /
b1001 (
b1001 .
b1001 +
#8690
b11 !
b11 /
b1010 (
b1010 .
b1010 +
#8695
b1100 !
b1100 /
b1011 (
b1011 .
b1011 +
#8700
b11 !
b11 /
b1100 (
b1100 .
b1100 +
#8705
b0 !
b0 /
b1101 (
b1101 .
b1101 +
#8710
b1110 (
b1110 .
b1110 +
#8715
b1111 (
b1111 .
b1111 +
#8720
b10011 !
b10011 /
b10011 0
b0 (
b0 .
b1101 '
b1101 -
b1101 *
b0 +
#8725
1%
1$
b11001 0
b1001 !
b1001 /
b1 (
b1 .
b1 +
#8730
b111 0
0%
0$
b111 !
b111 /
b10 (
b10 .
b10 +
#8735
b111 !
b111 /
b11 (
b11 .
b11 +
#8740
b101 0
b101 !
b101 /
b100 (
b100 .
b100 +
#8745
b100 !
b100 /
b101 (
b101 .
b101 +
#8750
b1111 !
b1111 /
b110 (
b110 .
b110 +
#8755
b1011 !
b1011 /
b111 (
b111 .
b111 +
#8760
b11001 !
b11001 /
b1000 (
b1000 .
b1000 +
#8765
b1100 !
b1100 /
b1001 (
b1001 .
b1001 +
#8770
b11 !
b11 /
b1010 (
b1010 .
b1010 +
#8775
b1100 !
b1100 /
b1011 (
b1011 .
b1011 +
#8780
b11 !
b11 /
b1100 (
b1100 .
b1100 +
#8785
b0 !
b0 /
b1101 (
b1101 .
b1101 +
#8790
b1110 (
b1110 .
b1110 +
#8795
b1111 (
b1111 .
b1111 +
#8800
b10100 !
b10100 /
b10100 0
b0 (
b0 .
b1110 '
b1110 -
b1110 *
b0 +
#8805
1%
1$
b11000 0
b1000 !
b1000 /
b1 (
b1 .
b1 +
#8810
b1000 0
0%
0$
b1000 !
b1000 /
b10 (
b10 .
b10 +
#8815
b111 0
b111 !
b111 /
b11 (
b11 .
b11 +
#8820
b101 0
b101 !
b101 /
b100 (
b100 .
b100 +
#8825
b110 !
b110 /
b101 (
b101 .
b101 +
#8830
b1110 !
b1110 /
b110 (
b110 .
b110 +
#8835
b1000 !
b1000 /
b111 (
b111 .
b111 +
#8840
b11001 !
b11001 /
b1000 (
b1000 .
b1000 +
#8845
b1100 !
b1100 /
b1001 (
b1001 .
b1001 +
#8850
b11 !
b11 /
b1010 (
b1010 .
b1010 +
#8855
b1100 !
b1100 /
b1011 (
b1011 .
b1011 +
#8860
b11 !
b11 /
b1100 (
b1100 .
b1100 +
#8865
b0 !
b0 /
b1101 (
b1101 .
b1101 +
#8870
b1110 (
b1110 .
b1110 +
#8875
b1111 (
b1111 .
b1111 +
#8880
b10101 !
b10101 /
b10101 0
b0 (
b0 .
b1111 '
b1111 -
b1111 *
b0 +
#8885
1%
1$
b10111 0
b111 !
b111 /
b1 (
b1 .
b1 +
#8890
b1001 0
0%
0$
b1001 !
b1001 /
b10 (
b10 .
b10 +
#8895
b111 0
b111 !
b111 /
b11 (
b11 .
b11 +
#8900
b101 0
b101 !
b101 /
b100 (
b100 .
b100 +
#8905
b110 !
b110 /
b101 (
b101 .
b101 +
#8910
b1111 !
b1111 /
b110 (
b110 .
b110 +
#8915
b1001 !
b1001 /
b111 (
b111 .
b111 +
#8920
b11001 !
b11001 /
b1000 (
b1000 .
b1000 +
#8925
b1100 !
b1100 /
b1001 (
b1001 .
b1001 +
#8930
b11 !
b11 /
b1010 (
b1010 .
b1010 +
#8935
b1100 !
b1100 /
b1011 (
b1011 .
b1011 +
#8940
b11 !
b11 /
b1100 (
b1100 .
b1100 +
#8945
b0 !
b0 /
b1101 (
b1101 .
b1101 +
#8950
b1110 (
b1110 .
b1110 +
#8955
b1111 (
b1111 .
b1111 +
#8960
b111 !
b111 /
b111 0
b0 (
b0 .
b0 '
b0 -
b111 &
b111 ,
b111 )
b0 *
b0 +
#8965
b111 !
b111 /
b1 (
b1 .
b1 +
#8970
1%
1$
b11001 0
b1001 !
b1001 /
b10 (
b10 .
b10 +
#8975
b1000 0
0%
0$
b1000 !
b1000 /
b11 (
b11 .
b11 +
#8980
b110 0
b110 !
b110 /
b100 (
b100 .
b100 +
#8985
b0 !
b0 /
b101 (
b101 .
b101 +
#8990
b111 !
b111 /
b110 (
b110 .
b110 +
#8995
b111 !
b111 /
b111 (
b111 .
b111 +
#9000
b11000 !
b11000 /
b1000 (
b1000 .
b1000 +
#9005
b1110 !
b1110 /
b1001 (
b1001 .
b1001 +
#9010
b1011 !
b1011 /
b1010 (
b1010 .
b1010 +
#9015
b1110 !
b1110 /
b1011 (
b1011 .
b1011 +
#9020
b11 !
b11 /
b1100 (
b1100 .
b1100 +
#9025
b1 !
b1 /
b1101 (
b1101 .
b1101 +
#9030
b0 !
b0 /
b1110 (
b1110 .
b1110 +
#9035
b1111 (
b1111 .
b1111 +
#9040
b1000 !
b1000 /
b1000 0
b0 (
b0 .
b1 '
b1 -
b1 *
b0 +
#9045
b110 0
b110 !
b110 /
b1 (
b1 .
b1 +
#9050
1%
1$
b11010 0
b1010 !
b1010 /
b10 (
b10 .
b10 +
#9055
b1000 0
0%
0$
b1000 !
b1000 /
b11 (
b11 .
b11 +
#9060
b110 0
b110 !
b110 /
b100 (
b100 .
b100 +
#9065
b1 !
b1 /
b101 (
b101 .
b101 +
#9070
b111 !
b111 /
b110 (
b110 .
b110 +
#9075
b110 !
b110 /
b111 (
b111 .
b111 +
#9080
b11000 !
b11000 /
b1000 (
b1000 .
b1000 +
#9085
b1110 !
b1110 /
b1001 (
b1001 .
b1001 +
#9090
b1011 !
b1011 /
b1010 (
b1010 .
b1010 +
#9095
b1110 !
b1110 /
b1011 (
b1011 .
b1011 +
#9100
b11 !
b11 /
b1100 (
b1100 .
b1100 +
#9105
b1 !
b1 /
b1101 (
b1101 .
b1101 +
#9110
b0 !
b0 /
b1110 (
b1110 .
b1110 +
#9115
b1111 (
b1111 .
b1111 +
#9120
b1001 !
b1001 /
b1001 0
b0 (
b0 .
b10 '
b10 -
b10 *
b0 +
#9125
b101 0
b101 !
b101 /
b1 (
b1 .
b1 +
#9130
1%
1$
b11011 0
b1011 !
b1011 /
b10 (
b10 .
b10 +
#9135
b1000 0
0%
0$
b1000 !
b1000 /
b11 (
b11 .
b11 +
#9140
b110 0
b110 !
b110 /
b100 (
b100 .
b100 +
#9145
b10 !
b10 /
b101 (
b101 .
b101 +
#9150
b111 !
b111 /
b110 (
b110 .
b110 +
#9155
b101 !
b101 /
b111 (
b111 .
b111 +
#9160
b11000 !
b11000 /
b1000 (
b1000 .
b1000 +
#9165
b1110 !
b1110 /
b1001 (
b1001 .
b1001 +
#9170
b1011 !
b1011 /
b1010 (
b1010 .
b1010 +
#9175
b1110 !
b1110 /
b1011 (
b1011 .
b1011 +
#9180
b11 !
b11 /
b1100 (
b1100 .
b1100 +
#9185
b1 !
b1 /
b1101 (
b1101 .
b1101 +
#9190
b0 !
b0 /
b1110 (
b1110 .
b1110 +
#9195
b1111 (
b1111 .
b1111 +
#9200
b1010 !
b1010 /
b1010 0
b0 (
b0 .
b11 '
b11 -
b11 *
b0 +
#9205
b100 0
b100 !
b100 /
b1 (
b1 .
b1 +
#9210
1%
1$
b11100 0
b1100 !
b1100 /
b10 (
b10 .
b10 +
#9215
b1000 0
0%
0$
b1000 !
b1000 /
b11 (
b11 .
b11 +
#9220
b110 0
b110 !
b110 /
b100 (
b100 .
b100 +
#9225
b11 !
b11 /
b101 (
b101 .
b101 +
#9230
b111 !
b111 /
b110 (
b110 .
b110 +
#9235
b100 !
b100 /
b111 (
b111 .
b111 +
#9240
b11000 !
b11000 /
b1000 (
b1000 .
b1000 +
#9245
b1110 !
b1110 /
b1001 (
b1001 .
b1001 +
#9250
b1011 !
b1011 /
b1010 (
b1010 .
b1010 +
#9255
b1110 !
b1110 /
b1011 (
b1011 .
b1011 +
#9260
b11 !
b11 /
b1100 (
b1100 .
b1100 +
#9265
b1 !
b1 /
b1101 (
b1101 .
b1101 +
#9270
b0 !
b0 /
b1110 (
b1110 .
b1110 +
#9275
b1111 (
b1111 .
b1111 +
#9280
b1011 !
b1011 /
b1011 0
b0 (
b0 .
b100 '
b100 -
b100 *
b0 +
#9285
b11 0
b11 !
b11 /
b1 (
b1 .
b1 +
#9290
1%
1$
b11101 0
b1101 !
b1101 /
b10 (
b10 .
b10 +
#9295
b1000 0
0%
0$
b1000 !
b1000 /
b11 (
b11 .
b11 +
#9300
b110 0
b110 !
b110 /
b100 (
b100 .
b100 +
#9305
b100 !
b100 /
b101 (
b101 .
b101 +
#9310
b111 !
b111 /
b110 (
b110 .
b110 +
#9315
b11 !
b11 /
b111 (
b111 .
b111 +
#9320
b11000 !
b11000 /
b1000 (
b1000 .
b1000 +
#9325
b1110 !
b1110 /
b1001 (
b1001 .
b1001 +
#9330
b1011 !
b1011 /
b1010 (
b1010 .
b1010 +
#9335
b1110 !
b1110 /
b1011 (
b1011 .
b1011 +
#9340
b11 !
b11 /
b1100 (
b1100 .
b1100 +
#9345
b1 !
b1 /
b1101 (
b1101 .
b1101 +
#9350
b0 !
b0 /
b1110 (
b1110 .
b1110 +
#9355
b1111 (
b1111 .
b1111 +
#9360
b1100 !
b1100 /
b1100 0
b0 (
b0 .
b101 '
b101 -
b101 *
b0 +
#9365
b10 0
b10 !
b10 /
b1 (
b1 .
b1 +
#9370
1%
1$
b11110 0
b1110 !
b1110 /
b10 (
b10 .
b10 +
#9375
b1000 0
0%
0$
b1000 !
b1000 /
b11 (
b11 .
b11 +
#9380
b110 0
b110 !
b110 /
b100 (
b100 .
b100 +
#9385
b101 !
b101 /
b101 (
b101 .
b101 +
#9390
b111 !
b111 /
b110 (
b110 .
b110 +
#9395
b10 !
b10 /
b111 (
b111 .
b111 +
#9400
b11000 !
b11000 /
b1000 (
b1000 .
b1000 +
#9405
b1110 !
b1110 /
b1001 (
b1001 .
b1001 +
#9410
b1011 !
b1011 /
b1010 (
b1010 .
b1010 +
#9415
b1110 !
b1110 /
b1011 (
b1011 .
b1011 +
#9420
b11 !
b11 /
b1100 (
b1100 .
b1100 +
#9425
b1 !
b1 /
b1101 (
b1101 .
b1101 +
#9430
b0 !
b0 /
b1110 (
b1110 .
b1110 +
#9435
b1111 (
b1111 .
b1111 +
#9440
b1101 !
b1101 /
b1101 0
b0 (
b0 .
b110 '
b110 -
b110 *
b0 +
#9445
b1 0
b1 !
b1 /
b1 (
b1 .
b1 +
#9450
1%
1$
b11111 0
b1111 !
b1111 /
b10 (
b10 .
b10 +
#9455
b1000 0
0%
0$
b1000 !
b1000 /
b11 (
b11 .
b11 +
#9460
b110 0
b110 !
b110 /
b100 (
b100 .
b100 +
#9465
b110 !
b110 /
b101 (
b101 .
b101 +
#9470
b111 !
b111 /
b110 (
b110 .
b110 +
#9475
b1 !
b1 /
b111 (
b111 .
b111 +
#9480
b11000 !
b11000 /
b1000 (
b1000 .
b1000 +
#9485
b1110 !
b1110 /
b1001 (
b1001 .
b1001 +
#9490
b1011 !
b1011 /
b1010 (
b1010 .
b1010 +
#9495
b1110 !
b1110 /
b1011 (
b1011 .
b1011 +
#9500
b11 !
b11 /
b1100 (
b1100 .
b1100 +
#9505
b1 !
b1 /
b1101 (
b1101 .
b1101 +
#9510
b0 !
b0 /
b1110 (
b1110 .
b1110 +
#9515
b1111 (
b1111 .
b1111 +
#9520
b1110 !
b1110 /
b1110 0
b0 (
b0 .
b111 '
b111 -
b111 *
b0 +
#9525
b0 0
b0 !
b0 /
b1 (
b1 .
b1 +
#9530
b10 (
b10 .
b10 +
#9535
b1000 !
b1000 /
b1000 0
b11 (
b11 .
b11 +
#9540
b110 0
b110 !
b110 /
b100 (
b100 .
b100 +
#9545
b111 !
b111 /
b101 (
b101 .
b101 +
#9550
b111 !
b111 /
b110 (
b110 .
b110 +
#9555
b0 !
b0 /
b111 (
b111 .
b111 +
#9560
b11000 !
b11000 /
b1000 (
b1000 .
b1000 +
#9565
b1110 !
b1110 /
b1001 (
b1001 .
b1001 +
#9570
b1011 !
b1011 /
b1010 (
b1010 .
b1010 +
#9575
b1110 !
b1110 /
b1011 (
b1011 .
b1011 +
#9580
b11 !
b11 /
b1100 (
b1100 .
b1100 +
#9585
b0 !
b0 /
b1101 (
b1101 .
b1101 +
#9590
b1 !
b1 /
b1110 (
b1110 .
b1110 +
#9595
b0 !
b0 /
b1111 (
b1111 .
b1111 +
#9600
b1111 !
b1111 /
b1111 0
b0 (
b0 .
b1000 '
b1000 -
b1000 *
b0 +
#9605
1%
1$
b11111 0
b1111 !
b1111 /
b1 (
b1 .
b1 +
#9610
b1 0
0%
0$
b1 !
b1 /
b10 (
b10 .
b10 +
#9615
b1000 0
b1000 !
b1000 /
b11 (
b11 .
b11 +
#9620
b110 0
b110 !
b110 /
b100 (
b100 .
b100 +
#9625
b0 !
b0 /
b101 (
b101 .
b101 +
#9630
b1111 !
b1111 /
b110 (
b110 .
b110 +
#9635
b1111 !
b1111 /
b111 (
b111 .
b111 +
#9640
b11000 !
b11000 /
b1000 (
b1000 .
b1000 +
#9645
b1110 !
b1110 /
b1001 (
b1001 .
b1001 +
#9650
b1011 !
b1011 /
b1010 (
b1010 .
b1010 +
#9655
b1110 !
b1110 /
b1011 (
b1011 .
b1011 +
#9660
b11 !
b11 /
b1100 (
b1100 .
b1100 +
#9665
b0 !
b0 /
b1101 (
b1101 .
b1101 +
#9670
b1110 (
b1110 .
b1110 +
#9675
b1111 (
b1111 .
b1111 +
#9680
b10000 !
b10000 /
b10000 0
b0 (
b0 .
b1001 '
b1001 -
b1001 *
b0 +
#9685
1%
1$
b11110 0
b1110 !
b1110 /
b1 (
b1 .
b1 +
#9690
b10 0
0%
0$
b10 !
b10 /
b10 (
b10 .
b10 +
#9695
b1000 0
b1000 !
b1000 /
b11 (
b11 .
b11 +
#9700
b110 0
b110 !
b110 /
b100 (
b100 .
b100 +
#9705
b1 !
b1 /
b101 (
b101 .
b101 +
#9710
b1111 !
b1111 /
b110 (
b110 .
b110 +
#9715
b1110 !
b1110 /
b111 (
b111 .
b111 +
#9720
b11000 !
b11000 /
b1000 (
b1000 .
b1000 +
#9725
b1110 !
b1110 /
b1001 (
b1001 .
b1001 +
#9730
b1011 !
b1011 /
b1010 (
b1010 .
b1010 +
#9735
b1110 !
b1110 /
b1011 (
b1011 .
b1011 +
#9740
b11 !
b11 /
b1100 (
b1100 .
b1100 +
#9745
b0 !
b0 /
b1101 (
b1101 .
b1101 +
#9750
b1110 (
b1110 .
b1110 +
#9755
b1111 (
b1111 .
b1111 +
#9760
b10001 !
b10001 /
b10001 0
b0 (
b0 .
b1010 '
b1010 -
b1010 *
b0 +
#9765
1%
1$
b11101 0
b1101 !
b1101 /
b1 (
b1 .
b1 +
#9770
b11 0
0%
0$
b11 !
b11 /
b10 (
b10 .
b10 +
#9775
b1000 0
b1000 !
b1000 /
b11 (
b11 .
b11 +
#9780
b110 0
b110 !
b110 /
b100 (
b100 .
b100 +
#9785
b10 !
b10 /
b101 (
b101 .
b101 +
#9790
b1111 !
b1111 /
b110 (
b110 .
b110 +
#9795
b1101 !
b1101 /
b111 (
b111 .
b111 +
#9800
b11000 !
b11000 /
b1000 (
b1000 .
b1000 +
#9805
b1110 !
b1110 /
b1001 (
b1001 .
b1001 +
#9810
b1011 !
b1011 /
b1010 (
b1010 .
b1010 +
#9815
b1110 !
b1110 /
b1011 (
b1011 .
b1011 +
#9820
b11 !
b11 /
b1100 (
b1100 .
b1100 +
#9825
b0 !
b0 /
b1101 (
b1101 .
b1101 +
#9830
b1110 (
b1110 .
b1110 +
#9835
b1111 (
b1111 .
b1111 +
#9840
b10010 !
b10010 /
b10010 0
b0 (
b0 .
b1011 '
b1011 -
b1011 *
b0 +
#9845
1%
1$
b11100 0
b1100 !
b1100 /
b1 (
b1 .
b1 +
#9850
b100 0
0%
0$
b100 !
b100 /
b10 (
b10 .
b10 +
#9855
b1000 0
b1000 !
b1000 /
b11 (
b11 .
b11 +
#9860
b110 0
b110 !
b110 /
b100 (
b100 .
b100 +
#9865
b11 !
b11 /
b101 (
b101 .
b101 +
#9870
b1111 !
b1111 /
b110 (
b110 .
b110 +
#9875
b1100 !
b1100 /
b111 (
b111 .
b111 +
#9880
b11000 !
b11000 /
b1000 (
b1000 .
b1000 +
#9885
b1110 !
b1110 /
b1001 (
b1001 .
b1001 +
#9890
b1011 !
b1011 /
b1010 (
b1010 .
b1010 +
#9895
b1110 !
b1110 /
b1011 (
b1011 .
b1011 +
#9900
b11 !
b11 /
b1100 (
b1100 .
b1100 +
#9905
b0 !
b0 /
b1101 (
b1101 .
b1101 +
#9910
b1110 (
b1110 .
b1110 +
#9915
b1111 (
b1111 .
b1111 +
#9920
b10011 !
b10011 /
b10011 0
b0 (
b0 .
b1100 '
b1100 -
b1100 *
b0 +
#9925
1%
1$
b11011 0
b1011 !
b1011 /
b1 (
b1 .
b1 +
#9930
b101 0
0%
0$
b101 !
b101 /
b10 (
b10 .
b10 +
#9935
b1000 0
b1000 !
b1000 /
b11 (
b11 .
b11 +
#9940
b110 0
b110 !
b110 /
b100 (
b100 .
b100 +
#9945
b100 !
b100 /
b101 (
b101 .
b101 +
#9950
b1111 !
b1111 /
b110 (
b110 .
b110 +
#9955
b1011 !
b1011 /
b111 (
b111 .
b111 +
#9960
b11000 !
b11000 /
b1000 (
b1000 .
b1000 +
#9965
b1110 !
b1110 /
b1001 (
b1001 .
b1001 +
#9970
b1011 !
b1011 /
b1010 (
b1010 .
b1010 +
#9975
b1110 !
b1110 /
b1011 (
b1011 .
b1011 +
#9980
b11 !
b11 /
b1100 (
b1100 .
b1100 +
#9985
b0 !
b0 /
b1101 (
b1101 .
b1101 +
#9990
b1110 (
b1110 .
b1110 +
#9995
b1111 (
b1111 .
b1111 +
#10000
b10100 !
b10100 /
b10100 0
b0 (
b0 .
b1101 '
b1101 -
b1101 *
b0 +
#10005
1%
1$
b11010 0
b1010 !
b1010 /
b1 (
b1 .
b1 +
#10010
b110 0
0%
0$
b110 !
b110 /
b10 (
b10 .
b10 +
#10015
b1000 0
b1000 !
b1000 /
b11 (
b11 .
b11 +
#10020
b110 0
b110 !
b110 /
b100 (
b100 .
b100 +
#10025
b101 !
b101 /
b101 (
b101 .
b101 +
#10030
b1111 !
b1111 /
b110 (
b110 .
b110 +
#10035
b1010 !
b1010 /
b111 (
b111 .
b111 +
#10040
b11000 !
b11000 /
b1000 (
b1000 .
b1000 +
#10045
b1110 !
b1110 /
b1001 (
b1001 .
b1001 +
#10050
b1011 !
b1011 /
b1010 (
b1010 .
b1010 +
#10055
b1110 !
b1110 /
b1011 (
b1011 .
b1011 +
#10060
b11 !
b11 /
b1100 (
b1100 .
b1100 +
#10065
b0 !
b0 /
b1101 (
b1101 .
b1101 +
#10070
b1110 (
b1110 .
b1110 +
#10075
b1111 (
b1111 .
b1111 +
#10080
b10101 !
b10101 /
b10101 0
b0 (
b0 .
b1110 '
b1110 -
b1110 *
b0 +
#10085
1%
1$
b11001 0
b1001 !
b1001 /
b1 (
b1 .
b1 +
#10090
b111 0
0%
0$
b111 !
b111 /
b10 (
b10 .
b10 +
#10095
b1000 0
b1000 !
b1000 /
b11 (
b11 .
b11 +
#10100
b110 0
b110 !
b110 /
b100 (
b100 .
b100 +
#10105
b110 !
b110 /
b101 (
b101 .
b101 +
#10110
b1111 !
b1111 /
b110 (
b110 .
b110 +
#10115
b1001 !
b1001 /
b111 (
b111 .
b111 +
#10120
b11000 !
b11000 /
b1000 (
b1000 .
b1000 +
#10125
b1110 !
b1110 /
b1001 (
b1001 .
b1001 +
#10130
b1011 !
b1011 /
b1010 (
b1010 .
b1010 +
#10135
b1110 !
b1110 /
b1011 (
b1011 .
b1011 +
#10140
b11 !
b11 /
b1100 (
b1100 .
b1100 +
#10145
b0 !
b0 /
b1101 (
b1101 .
b1101 +
#10150
b1110 (
b1110 .
b1110 +
#10155
b1111 (
b1111 .
b1111 +
#10160
b10110 !
b10110 /
b10110 0
b0 (
b0 .
b1111 '
b1111 -
b1111 *
b0 +
#10165
1%
1$
b11000 0
b1000 !
b1000 /
b1 (
b1 .
b1 +
#10170
b1000 0
0%
0$
b1000 !
b1000 /
b10 (
b10 .
b10 +
#10175
b1000 !
b1000 /
b11 (
b11 .
b11 +
#10180
b110 0
b110 !
b110 /
b100 (
b100 .
b100 +
#10185
b111 !
b111 /
b101 (
b101 .
b101 +
#10190
b1111 !
b1111 /
b110 (
b110 .
b110 +
#10195
b1000 !
b1000 /
b111 (
b111 .
b111 +
#10200
b11000 !
b11000 /
b1000 (
b1000 .
b1000 +
#10205
b1110 !
b1110 /
b1001 (
b1001 .
b1001 +
#10210
b1011 !
b1011 /
b1010 (
b1010 .
b1010 +
#10215
b1110 !
b1110 /
b1011 (
b1011 .
b1011 +
#10220
b11 !
b11 /
b1100 (
b1100 .
b1100 +
#10225
b0 !
b0 /
b1101 (
b1101 .
b1101 +
#10230
b1110 (
b1110 .
b1110 +
#10235
b1111 (
b1111 .
b1111 +
#10240
b1000 !
b1000 /
b1000 0
b0 (
b0 .
b0 '
b0 -
b1000 &
b1000 ,
b1000 )
b0 *
b0 +
#10245
b1000 !
b1000 /
b1 (
b1 .
b1 +
#10250
1%
1$
b11000 0
b1000 !
b1000 /
b10 (
b10 .
b10 +
#10255
b1001 0
0%
0$
b1001 !
b1001 /
b11 (
b11 .
b11 +
#10260
b111 0
b111 !
b111 /
b100 (
b100 .
b100 +
#10265
b0 !
b0 /
b101 (
b101 .
b101 +
#10270
b1000 !
b1000 /
b110 (
b110 .
b110 +
#10275
b1000 !
b1000 /
b111 (
b111 .
b111 +
#10280
b10111 !
b10111 /
b1000 (
b1000 .
b1000 +
#10285
b1 !
b1 /
b1001 (
b1001 .
b1001 +
#10290
b100 !
b100 /
b1010 (
b1010 .
b1010 +
#10295
b10000 !
b10000 /
b1011 (
b1011 .
b1011 +
#10300
b100 !
b100 /
b1100 (
b1100 .
b1100 +
#10305
b1 !
b1 /
b1101 (
b1101 .
b1101 +
#10310
b0 !
b0 /
b1110 (
b1110 .
b1110 +
#10315
b1111 (
b1111 .
b1111 +
#10320
b1001 !
b1001 /
b1001 0
b0 (
b0 .
b1 '
b1 -
b1 *
b0 +
#10325
b111 0
b111 !
b111 /
b1 (
b1 .
b1 +
#10330
1%
1$
b11001 0
b1001 !
b1001 /
b10 (
b10 .
b10 +
#10335
b1001 0
0%
0$
b1001 !
b1001 /
b11 (
b11 .
b11 +
#10340
b111 0
b111 !
b111 /
b100 (
b100 .
b100 +
#10345
b0 !
b0 /
b101 (
b101 .
b101 +
#10350
b1001 !
b1001 /
b110 (
b110 .
b110 +
#10355
b1001 !
b1001 /
b111 (
b111 .
b111 +
#10360
b10111 !
b10111 /
b1000 (
b1000 .
b1000 +
#10365
b1 !
b1 /
b1001 (
b1001 .
b1001 +
#10370
b100 !
b100 /
b1010 (
b1010 .
b1010 +
#10375
b10000 !
b10000 /
b1011 (
b1011 .
b1011 +
#10380
b100 !
b100 /
b1100 (
b1100 .
b1100 +
#10385
b1 !
b1 /
b1101 (
b1101 .
b1101 +
#10390
b0 !
b0 /
b1110 (
b1110 .
b1110 +
#10395
b1111 (
b1111 .
b1111 +
#10400
b1010 !
b1010 /
b1010 0
b0 (
b0 .
b10 '
b10 -
b10 *
b0 +
#10405
b110 0
b110 !
b110 /
b1 (
b1 .
b1 +
#10410
1%
1$
b11010 0
b1010 !
b1010 /
b10 (
b10 .
b10 +
#10415
b1001 0
0%
0$
b1001 !
b1001 /
b11 (
b11 .
b11 +
#10420
b111 0
b111 !
b111 /
b100 (
b100 .
b100 +
#10425
b0 !
b0 /
b101 (
b101 .
b101 +
#10430
b1010 !
b1010 /
b110 (
b110 .
b110 +
#10435
b1010 !
b1010 /
b111 (
b111 .
b111 +
#10440
b10111 !
b10111 /
b1000 (
b1000 .
b1000 +
#10445
b1 !
b1 /
b1001 (
b1001 .
b1001 +
#10450
b100 !
b100 /
b1010 (
b1010 .
b1010 +
#10455
b10000 !
b10000 /
b1011 (
b1011 .
b1011 +
#10460
b100 !
b100 /
b1100 (
b1100 .
b1100 +
#10465
b1 !
b1 /
b1101 (
b1101 .
b1101 +
#10470
b0 !
b0 /
b1110 (
b1110 .
b1110 +
#10475
b1111 (
b1111 .
b1111 +
#10480
b1011 !
b1011 /
b1011 0
b0 (
b0 .
b11 '
b11 -
b11 *
b0 +
#10485
b101 0
b101 !
b101 /
b1 (
b1 .
b1 +
#10490
1%
1$
b11011 0
b1011 !
b1011 /
b10 (
b10 .
b10 +
#10495
b1001 0
0%
0$
b1001 !
b1001 /
b11 (
b11 .
b11 +
#10500
b111 0
b111 !
b111 /
b100 (
b100 .
b100 +
#10505
b0 !
b0 /
b101 (
b101 .
b101 +
#10510
b1011 !
b1011 /
b110 (
b110 .
b110 +
#10515
b1011 !
b1011 /
b111 (
b111 .
b111 +
#10520
b10111 !
b10111 /
b1000 (
b1000 .
b1000 +
#10525
b1 !
b1 /
b1001 (
b1001 .
b1001 +
#10530
b100 !
b100 /
b1010 (
b1010 .
b1010 +
#10535
b10000 !
b10000 /
b1011 (
b1011 .
b1011 +
#10540
b100 !
b100 /
b1100 (
b1100 .
b1100 +
#10545
b1 !
b1 /
b1101 (
b1101 .
b1101 +
#10550
b0 !
b0 /
b1110 (
b1110 .
b1110 +
#10555
b1111 (
b1111 .
b1111 +
#10560
b1100 !
b1100 /
b1100 0
b0 (
b0 .
b100 '
b100 -
b100 *
b0 +
#10565
b100 0
b100 !
b100 /
b1 (
b1 .
b1 +
#10570
1%
1$
b11100 0
b1100 !
b1100 /
b10 (
b10 .
b10 +
#10575
b1001 0
0%
0$
b1001 !
b1001 /
b11 (
b11 .
b11 +
#10580
b111 0
b111 !
b111 /
b100 (
b100 .
b100 +
#10585
b0 !
b0 /
b101 (
b101 .
b101 +
#10590
b1100 !
b1100 /
b110 (
b110 .
b110 +
#10595
b1100 !
b1100 /
b111 (
b111 .
b111 +
#10600
b10111 !
b10111 /
b1000 (
b1000 .
b1000 +
#10605
b1 !
b1 /
b1001 (
b1001 .
b1001 +
#10610
b100 !
b100 /
b1010 (
b1010 .
b1010 +
#10615
b10000 !
b10000 /
b1011 (
b1011 .
b1011 +
#10620
b100 !
b100 /
b1100 (
b1100 .
b1100 +
#10625
b1 !
b1 /
b1101 (
b1101 .
b1101 +
#10630
b0 !
b0 /
b1110 (
b1110 .
b1110 +
#10635
b1111 (
b1111 .
b1111 +
#10640
b1101 !
b1101 /
b1101 0
b0 (
b0 .
b101 '
b101 -
b101 *
b0 +
#10645
b11 0
b11 !
b11 /
b1 (
b1 .
b1 +
#10650
1%
1$
b11101 0
b1101 !
b1101 /
b10 (
b10 .
b10 +
#10655
b1001 0
0%
0$
b1001 !
b1001 /
b11 (
b11 .
b11 +
#10660
b111 0
b111 !
b111 /
b100 (
b100 .
b100 +
#10665
b0 !
b0 /
b101 (
b101 .
b101 +
#10670
b1101 !
b1101 /
b110 (
b110 .
b110 +
#10675
b1101 !
b1101 /
b111 (
b111 .
b111 +
#10680
b10111 !
b10111 /
b1000 (
b1000 .
b1000 +
#10685
b1 !
b1 /
b1001 (
b1001 .
b1001 +
#10690
b100 !
b100 /
b1010 (
b1010 .
b1010 +
#10695
b10000 !
b10000 /
b1011 (
b1011 .
b1011 +
#10700
b100 !
b100 /
b1100 (
b1100 .
b1100 +
#10705
b1 !
b1 /
b1101 (
b1101 .
b1101 +
#10710
b0 !
b0 /
b1110 (
b1110 .
b1110 +
#10715
b1111 (
b1111 .
b1111 +
#10720
b1110 !
b1110 /
b1110 0
b0 (
b0 .
b110 '
b110 -
b110 *
b0 +
#10725
b10 0
b10 !
b10 /
b1 (
b1 .
b1 +
#10730
1%
1$
b11110 0
b1110 !
b1110 /
b10 (
b10 .
b10 +
#10735
b1001 0
0%
0$
b1001 !
b1001 /
b11 (
b11 .
b11 +
#10740
b111 0
b111 !
b111 /
b100 (
b100 .
b100 +
#10745
b0 !
b0 /
b101 (
b101 .
b101 +
#10750
b1110 !
b1110 /
b110 (
b110 .
b110 +
#10755
b1110 !
b1110 /
b111 (
b111 .
b111 +
#10760
b10111 !
b10111 /
b1000 (
b1000 .
b1000 +
#10765
b1 !
b1 /
b1001 (
b1001 .
b1001 +
#10770
b100 !
b100 /
b1010 (
b1010 .
b1010 +
#10775
b10000 !
b10000 /
b1011 (
b1011 .
b1011 +
#10780
b100 !
b100 /
b1100 (
b1100 .
b1100 +
#10785
b1 !
b1 /
b1101 (
b1101 .
b1101 +
#10790
b0 !
b0 /
b1110 (
b1110 .
b1110 +
#10795
b1111 (
b1111 .
b1111 +
#10800
b1111 !
b1111 /
b1111 0
b0 (
b0 .
b111 '
b111 -
b111 *
b0 +
#10805
b1 0
b1 !
b1 /
b1 (
b1 .
b1 +
#10810
1%
1$
b11111 0
b1111 !
b1111 /
b10 (
b10 .
b10 +
#10815
b1001 0
0%
0$
b1001 !
b1001 /
b11 (
b11 .
b11 +
#10820
b111 0
b111 !
b111 /
b100 (
b100 .
b100 +
#10825
b0 !
b0 /
b101 (
b101 .
b101 +
#10830
b1111 !
b1111 /
b110 (
b110 .
b110 +
#10835
b1111 !
b1111 /
b111 (
b111 .
b111 +
#10840
b10111 !
b10111 /
b1000 (
b1000 .
b1000 +
#10845
b1 !
b1 /
b1001 (
b1001 .
b1001 +
#10850
b100 !
b100 /
b1010 (
b1010 .
b1010 +
#10855
b10000 !
b10000 /
b1011 (
b1011 .
b1011 +
#10860
b100 !
b100 /
b1100 (
b1100 .
b1100 +
#10865
b1 !
b1 /
b1101 (
b1101 .
b1101 +
#10870
b0 !
b0 /
b1110 (
b1110 .
b1110 +
#10875
b1111 (
b1111 .
b1111 +
#10880
b10000 !
b10000 /
b10000 0
b0 (
b0 .
b1000 '
b1000 -
b1000 *
b0 +
#10885
b0 0
b0 !
b0 /
b1 (
b1 .
b1 +
#10890
b10 (
b10 .
b10 +
#10895
b1001 !
b1001 /
b1001 0
b11 (
b11 .
b11 +
#10900
b111 0
b111 !
b111 /
b100 (
b100 .
b100 +
#10905
b1000 !
b1000 /
b101 (
b101 .
b101 +
#10910
b1000 !
b1000 /
b110 (
b110 .
b110 +
#10915
b0 !
b0 /
b111 (
b111 .
b111 +
#10920
b10111 !
b10111 /
b1000 (
b1000 .
b1000 +
#10925
b1 !
b1 /
b1001 (
b1001 .
b1001 +
#10930
b100 !
b100 /
b1010 (
b1010 .
b1010 +
#10935
b10000 !
b10000 /
b1011 (
b1011 .
b1011 +
#10940
b100 !
b100 /
b1100 (
b1100 .
b1100 +
#10945
b0 !
b0 /
b1101 (
b1101 .
b1101 +
#10950
b1 !
b1 /
b1110 (
b1110 .
b1110 +
#10955
b0 !
b0 /
b1111 (
b1111 .
b1111 +
#10960
b10001 !
b10001 /
b10001 0
b0 (
b0 .
b1001 '
b1001 -
b1001 *
b0 +
#10965
1%
1$
b11111 0
b1111 !
b1111 /
b1 (
b1 .
b1 +
#10970
b1 0
0%
0$
b1 !
b1 /
b10 (
b10 .
b10 +
#10975
b1001 0
b1001 !
b1001 /
b11 (
b11 .
b11 +
#10980
b111 0
b111 !
b111 /
b100 (
b100 .
b100 +
#10985
b1000 !
b1000 /
b101 (
b101 .
b101 +
#10990
b1001 !
b1001 /
b110 (
b110 .
b110 +
#10995
b1 !
b1 /
b111 (
b111 .
b111 +
#11000
b10111 !
b10111 /
b1000 (
b1000 .
b1000 +
#11005
b1 !
b1 /
b1001 (
b1001 .
b1001 +
#11010
b100 !
b100 /
b1010 (
b1010 .
b1010 +
#11015
b10000 !
b10000 /
b1011 (
b1011 .
b1011 +
#11020
b100 !
b100 /
b1100 (
b1100 .
b1100 +
#11025
b0 !
b0 /
b1101 (
b1101 .
b1101 +
#11030
b1110 (
b1110 .
b1110 +
#11035
b1111 (
b1111 .
b1111 +
#11040
b10010 !
b10010 /
b10010 0
b0 (
b0 .
b1010 '
b1010 -
b1010 *
b0 +
#11045
1%
1$
b11110 0
b1110 !
b1110 /
b1 (
b1 .
b1 +
#11050
b10 0
0%
0$
b10 !
b10 /
b10 (
b10 .
b10 +
#11055
b1001 0
b1001 !
b1001 /
b11 (
b11 .
b11 +
#11060
b111 0
b111 !
b111 /
b100 (
b100 .
b100 +
#11065
b1000 !
b1000 /
b101 (
b101 .
b101 +
#11070
b1010 !
b1010 /
b110 (
b110 .
b110 +
#11075
b10 !
b10 /
b111 (
b111 .
b111 +
#11080
b10111 !
b10111 /
b1000 (
b1000 .
b1000 +
#11085
b1 !
b1 /
b1001 (
b1001 .
b1001 +
#11090
b100 !
b100 /
b1010 (
b1010 .
b1010 +
#11095
b10000 !
b10000 /
b1011 (
b1011 .
b1011 +
#11100
b100 !
b100 /
b1100 (
b1100 .
b1100 +
#11105
b0 !
b0 /
b1101 (
b1101 .
b1101 +
#11110
b1110 (
b1110 .
b1110 +
#11115
b1111 (
b1111 .
b1111 +
#11120
b10011 !
b10011 /
b10011 0
b0 (
b0 .
b1011 '
b1011 -
b1011 *
b0 +
#11125
1%
1$
b11101 0
b1101 !
b1101 /
b1 (
b1 .
b1 +
#11130
b11 0
0%
0$
b11 !
b11 /
b10 (
b10 .
b10 +
#11135
b1001 0
b1001 !
b1001 /
b11 (
b11 .
b11 +
#11140
b111 0
b111 !
b111 /
b100 (
b100 .
b100 +
#11145
b1000 !
b1000 /
b101 (
b101 .
b101 +
#11150
b1011 !
b1011 /
b110 (
b110 .
b110 +
#11155
b11 !
b11 /
b111 (
b111 .
b111 +
#11160
b10111 !
b10111 /
b1000 (
b1000 .
b1000 +
#11165
b1 !
b1 /
b1001 (
b1001 .
b1001 +
#11170
b100 !
b100 /
b1010 (
b1010 .
b1010 +
#11175
b10000 !
b10000 /
b1011 (
b1011 .
b1011 +
#11180
b100 !
b100 /
b1100 (
b1100 .
b1100 +
#11185
b0 !
b0 /
b1101 (
b1101 .
b1101 +
#11190
b1110 (
b1110 .
b1110 +
#11195
b1111 (
b1111 .
b1111 +
#11200
b10100 !
b10100 /
b10100 0
b0 (
b0 .
b1100 '
b1100 -
b1100 *
b0 +
#11205
1%
1$
b11100 0
b1100 !
b1100 /
b1 (
b1 .
b1 +
#11210
b100 0
0%
0$
b100 !
b100 /
b10 (
b10 .
b10 +
#11215
b1001 0
b1001 !
b1001 /
b11 (
b11 .
b11 +
#11220
b111 0
b111 !
b111 /
b100 (
b100 .
b100 +
#11225
b1000 !
b1000 /
b101 (
b101 .
b101 +
#11230
b1100 !
b1100 /
b110 (
b110 .
b110 +
#11235
b100 !
b100 /
b111 (
b111 .
b111 +
#11240
b10111 !
b10111 /
b1000 (
b1000 .
b1000 +
#11245
b1 !
b1 /
b1001 (
b1001 .
b1001 +
#11250
b100 !
b100 /
b1010 (
b1010 .
b1010 +
#11255
b10000 !
b10000 /
b1011 (
b1011 .
b1011 +
#11260
b100 !
b100 /
b1100 (
b1100 .
b1100 +
#11265
b0 !
b0 /
b1101 (
b1101 .
b1101 +
#11270
b1110 (
b1110 .
b1110 +
#11275
b1111 (
b1111 .
b1111 +
#11280
b10101 !
b10101 /
b10101 0
b0 (
b0 .
b1101 '
b1101 -
b1101 *
b0 +
#11285
1%
1$
b11011 0
b1011 !
b1011 /
b1 (
b1 .
b1 +
#11290
b101 0
0%
0$
b101 !
b101 /
b10 (
b10 .
b10 +
#11295
b1001 0
b1001 !
b1001 /
b11 (
b11 .
b11 +
#11300
b111 0
b111 !
b111 /
b100 (
b100 .
b100 +
#11305
b1000 !
b1000 /
b101 (
b101 .
b101 +
#11310
b1101 !
b1101 /
b110 (
b110 .
b110 +
#11315
b101 !
b101 /
b111 (
b111 .
b111 +
#11320
b10111 !
b10111 /
b1000 (
b1000 .
b1000 +
#11325
b1 !
b1 /
b1001 (
b1001 .
b1001 +
#11330
b100 !
b100 /
b1010 (
b1010 .
b1010 +
#11335
b10000 !
b10000 /
b1011 (
b1011 .
b1011 +
#11340
b100 !
b100 /
b1100 (
b1100 .
b1100 +
#11345
b0 !
b0 /
b1101 (
b1101 .
b1101 +
#11350
b1110 (
b1110 .
b1110 +
#11355
b1111 (
b1111 .
b1111 +
#11360
b10110 !
b10110 /
b10110 0
b0 (
b0 .
b1110 '
b1110 -
b1110 *
b0 +
#11365
1%
1$
b11010 0
b1010 !
b1010 /
b1 (
b1 .
b1 +
#11370
b110 0
0%
0$
b110 !
b110 /
b10 (
b10 .
b10 +
#11375
b1001 0
b1001 !
b1001 /
b11 (
b11 .
b11 +
#11380
b111 0
b111 !
b111 /
b100 (
b100 .
b100 +
#11385
b1000 !
b1000 /
b101 (
b101 .
b101 +
#11390
b1110 !
b1110 /
b110 (
b110 .
b110 +
#11395
b110 !
b110 /
b111 (
b111 .
b111 +
#11400
b10111 !
b10111 /
b1000 (
b1000 .
b1000 +
#11405
b1 !
b1 /
b1001 (
b1001 .
b1001 +
#11410
b100 !
b100 /
b1010 (
b1010 .
b1010 +
#11415
b10000 !
b10000 /
b1011 (
b1011 .
b1011 +
#11420
b100 !
b100 /
b1100 (
b1100 .
b1100 +
#11425
b0 !
b0 /
b1101 (
b1101 .
b1101 +
#11430
b1110 (
b1110 .
b1110 +
#11435
b1111 (
b1111 .
b1111 +
#11440
b10111 !
b10111 /
b10111 0
b0 (
b0 .
b1111 '
b1111 -
b1111 *
b0 +
#11445
1%
1$
b11001 0
b1001 !
b1001 /
b1 (
b1 .
b1 +
#11450
b111 0
0%
0$
b111 !
b111 /
b10 (
b10 .
b10 +
#11455
b1001 0
b1001 !
b1001 /
b11 (
b11 .
b11 +
#11460
b111 0
b111 !
b111 /
b100 (
b100 .
b100 +
#11465
b1000 !
b1000 /
b101 (
b101 .
b101 +
#11470
b1111 !
b1111 /
b110 (
b110 .
b110 +
#11475
b111 !
b111 /
b111 (
b111 .
b111 +
#11480
b10111 !
b10111 /
b1000 (
b1000 .
b1000 +
#11485
b1 !
b1 /
b1001 (
b1001 .
b1001 +
#11490
b100 !
b100 /
b1010 (
b1010 .
b1010 +
#11495
b10000 !
b10000 /
b1011 (
b1011 .
b1011 +
#11500
b100 !
b100 /
b1100 (
b1100 .
b1100 +
#11505
b0 !
b0 /
b1101 (
b1101 .
b1101 +
#11510
b1110 (
b1110 .
b1110 +
#11515
b1111 (
b1111 .
b1111 +
#11520
b1001 !
b1001 /
b1001 0
b0 (
b0 .
b0 '
b0 -
b1001 &
b1001 ,
b1001 )
b0 *
b0 +
#11525
b1001 !
b1001 /
b1 (
b1 .
b1 +
#11530
1%
1$
b10111 0
b111 !
b111 /
b10 (
b10 .
b10 +
#11535
b1010 0
0%
0$
b1010 !
b1010 /
b11 (
b11 .
b11 +
#11540
b1000 0
b1000 !
b1000 /
b100 (
b100 .
b100 +
#11545
b0 !
b0 /
b101 (
b101 .
b101 +
#11550
b1001 !
b1001 /
b110 (
b110 .
b110 +
#11555
b1001 !
b1001 /
b111 (
b111 .
b111 +
#11560
b10110 !
b10110 /
b1000 (
b1000 .
b1000 +
#11565
b11 !
b11 /
b1001 (
b1001 .
b1001 +
#11570
b1100 !
b1100 /
b1010 (
b1010 .
b1010 +
#11575
b10010 !
b10010 /
b1011 (
b1011 .
b1011 +
#11580
b100 !
b100 /
b1100 (
b1100 .
b1100 +
#11585
b1 !
b1 /
b1101 (
b1101 .
b1101 +
#11590
b0 !
b0 /
b1110 (
b1110 .
b1110 +
#11595
b1111 (
b1111 .
b1111 +
#11600
b1010 !
b1010 /
b1010 0
b0 (
b0 .
b1 '
b1 -
b1 *
b0 +
#11605
b1000 0
b1000 !
b1000 /
b1 (
b1 .
b1 +
#11610
1%
1$
b11000 0
b1000 !
b1000 /
b10 (
b10 .
b10 +
#11615
b1010 0
0%
0$
b1010 !
b1010 /
b11 (
b11 .
b11 +
#11620
b1000 0
b1000 !
b1000 /
b100 (
b100 .
b100 +
#11625
b1 !
b1 /
b101 (
b101 .
b101 +
#11630
b1001 !
b1001 /
b110 (
b110 .
b110 +
#11635
b1000 !
b1000 /
b111 (
b111 .
b111 +
#11640
b10110 !
b10110 /
b1000 (
b1000 .
b1000 +
#11645
b11 !
b11 /
b1001 (
b1001 .
b1001 +
#11650
b1100 !
b1100 /
b1010 (
b1010 .
b1010 +
#11655
b10010 !
b10010 /
b1011 (
b1011 .
b1011 +
#11660
b100 !
b100 /
b1100 (
b1100 .
b1100 +
#11665
b1 !
b1 /
b1101 (
b1101 .
b1101 +
#11670
b0 !
b0 /
b1110 (
b1110 .
b1110 +
#11675
b1111 (
b1111 .
b1111 +
#11680
b1011 !
b1011 /
b1011 0
b0 (
b0 .
b10 '
b10 -
b10 *
b0 +
#11685
b111 0
b111 !
b111 /
b1 (
b1 .
b1 +
#11690
1%
1$
b11001 0
b1001 !
b1001 /
b10 (
b10 .
b10 +
#11695
b1010 0
0%
0$
b1010 !
b1010 /
b11 (
b11 .
b11 +
#11700
b1000 0
b1000 !
b1000 /
b100 (
b100 .
b100 +
#11705
b0 !
b0 /
b101 (
b101 .
b101 +
#11710
b1011 !
b1011 /
b110 (
b110 .
b110 +
#11715
b1011 !
b1011 /
b111 (
b111 .
b111 +
#11720
b10110 !
b10110 /
b1000 (
b1000 .
b1000 +
#11725
b11 !
b11 /
b1001 (
b1001 .
b1001 +
#11730
b1100 !
b1100 /
b1010 (
b1010 .
b1010 +
#11735
b10010 !
b10010 /
b1011 (
b1011 .
b1011 +
#11740
b100 !
b100 /
b1100 (
b1100 .
b1100 +
#11745
b1 !
b1 /
b1101 (
b1101 .
b1101 +
#11750
b0 !
b0 /
b1110 (
b1110 .
b1110 +
#11755
b1111 (
b1111 .
b1111 +
#11760
b1100 !
b1100 /
b1100 0
b0 (
b0 .
b11 '
b11 -
b11 *
b0 +
#11765
b110 0
b110 !
b110 /
b1 (
b1 .
b1 +
#11770
1%
1$
b11010 0
b1010 !
b1010 /
b10 (
b10 .
b10 +
#11775
b1010 0
0%
0$
b1010 !
b1010 /
b11 (
b11 .
b11 +
#11780
b1000 0
b1000 !
b1000 /
b100 (
b100 .
b100 +
#11785
b1 !
b1 /
b101 (
b101 .
b101 +
#11790
b1011 !
b1011 /
b110 (
b110 .
b110 +
#11795
b1010 !
b1010 /
b111 (
b111 .
b111 +
#11800
b10110 !
b10110 /
b1000 (
b1000 .
b1000 +
#11805
b11 !
b11 /
b1001 (
b1001 .
b1001 +
#11810
b1100 !
b1100 /
b1010 (
b1010 .
b1010 +
#11815
b10010 !
b10010 /
b1011 (
b1011 .
b1011 +
#11820
b100 !
b100 /
b1100 (
b1100 .
b1100 +
#11825
b1 !
b1 /
b1101 (
b1101 .
b1101 +
#11830
b0 !
b0 /
b1110 (
b1110 .
b1110 +
#11835
b1111 (
b1111 .
b1111 +
#11840
b1101 !
b1101 /
b1101 0
b0 (
b0 .
b100 '
b100 -
b100 *
b0 +
#11845
b101 0
b101 !
b101 /
b1 (
b1 .
b1 +
#11850
1%
1$
b11011 0
b1011 !
b1011 /
b10 (
b10 .
b10 +
#11855
b1010 0
0%
0$
b1010 !
b1010 /
b11 (
b11 .
b11 +
#11860
b1000 0
b1000 !
b1000 /
b100 (
b100 .
b100 +
#11865
b0 !
b0 /
b101 (
b101 .
b101 +
#11870
b1101 !
b1101 /
b110 (
b110 .
b110 +
#11875
b1101 !
b1101 /
b111 (
b111 .
b111 +
#11880
b10110 !
b10110 /
b1000 (
b1000 .
b1000 +
#11885
b11 !
b11 /
b1001 (
b1001 .
b1001 +
#11890
b1100 !
b1100 /
b1010 (
b1010 .
b1010 +
#11895
b10010 !
b10010 /
b1011 (
b1011 .
b1011 +
#11900
b100 !
b100 /
b1100 (
b1100 .
b1100 +
#11905
b1 !
b1 /
b1101 (
b1101 .
b1101 +
#11910
b0 !
b0 /
b1110 (
b1110 .
b1110 +
#11915
b1111 (
b1111 .
b1111 +
#11920
b1110 !
b1110 /
b1110 0
b0 (
b0 .
b101 '
b101 -
b101 *
b0 +
#11925
b100 0
b100 !
b100 /
b1 (
b1 .
b1 +
#11930
1%
1$
b11100 0
b1100 !
b1100 /
b10 (
b10 .
b10 +
#11935
b1010 0
0%
0$
b1010 !
b1010 /
b11 (
b11 .
b11 +
#11940
b1000 0
b1000 !
b1000 /
b100 (
b100 .
b100 +
#11945
b1 !
b1 /
b101 (
b101 .
b101 +
#11950
b1101 !
b1101 /
b110 (
b110 .
b110 +
#11955
b1100 !
b1100 /
b111 (
b111 .
b111 +
#11960
b10110 !
b10110 /
b1000 (
b1000 .
b1000 +
#11965
b11 !
b11 /
b1001 (
b1001 .
b1001 +
#11970
b1100 !
b1100 /
b1010 (
b1010 .
b1010 +
#11975
b10010 !
b10010 /
b1011 (
b1011 .
b1011 +
#11980
b100 !
b100 /
b1100 (
b1100 .
b1100 +
#11985
b1 !
b1 /
b1101 (
b1101 .
b1101 +
#11990
b0 !
b0 /
b1110 (
b1110 .
b1110 +
#11995
b1111 (
b1111 .
b1111 +
#12000
b1111 !
b1111 /
b1111 0
b0 (
b0 .
b110 '
b110 -
b110 *
b0 +
#12005
b11 0
b11 !
b11 /
b1 (
b1 .
b1 +
#12010
1%
1$
b11101 0
b1101 !
b1101 /
b10 (
b10 .
b10 +
#12015
b1010 0
0%
0$
b1010 !
b1010 /
b11 (
b11 .
b11 +
#12020
b1000 0
b1000 !
b1000 /
b100 (
b100 .
b100 +
#12025
b0 !
b0 /
b101 (
b101 .
b101 +
#12030
b1111 !
b1111 /
b110 (
b110 .
b110 +
#12035
b1111 !
b1111 /
b111 (
b111 .
b111 +
#12040
b10110 !
b10110 /
b1000 (
b1000 .
b1000 +
#12045
b11 !
b11 /
b1001 (
b1001 .
b1001 +
#12050
b1100 !
b1100 /
b1010 (
b1010 .
b1010 +
#12055
b10010 !
b10010 /
b1011 (
b1011 .
b1011 +
#12060
b100 !
b100 /
b1100 (
b1100 .
b1100 +
#12065
b1 !
b1 /
b1101 (
b1101 .
b1101 +
#12070
b0 !
b0 /
b1110 (
b1110 .
b1110 +
#12075
b1111 (
b1111 .
b1111 +
#12080
b10000 !
b10000 /
b10000 0
b0 (
b0 .
b111 '
b111 -
b111 *
b0 +
#12085
b10 0
b10 !
b10 /
b1 (
b1 .
b1 +
#12090
1%
1$
b11110 0
b1110 !
b1110 /
b10 (
b10 .
b10 +
#12095
b1010 0
0%
0$
b1010 !
b1010 /
b11 (
b11 .
b11 +
#12100
b1000 0
b1000 !
b1000 /
b100 (
b100 .
b100 +
#12105
b1 !
b1 /
b101 (
b101 .
b101 +
#12110
b1111 !
b1111 /
b110 (
b110 .
b110 +
#12115
b1110 !
b1110 /
b111 (
b111 .
b111 +
#12120
b10110 !
b10110 /
b1000 (
b1000 .
b1000 +
#12125
b11 !
b11 /
b1001 (
b1001 .
b1001 +
#12130
b1100 !
b1100 /
b1010 (
b1010 .
b1010 +
#12135
b10010 !
b10010 /
b1011 (
b1011 .
b1011 +
#12140
b100 !
b100 /
b1100 (
b1100 .
b1100 +
#12145
b1 !
b1 /
b1101 (
b1101 .
b1101 +
#12150
b0 !
b0 /
b1110 (
b1110 .
b1110 +
#12155
b1111 (
b1111 .
b1111 +
#12160
b10001 !
b10001 /
b10001 0
b0 (
b0 .
b1000 '
b1000 -
b1000 *
b0 +
#12165
b1 0
b1 !
b1 /
b1 (
b1 .
b1 +
#12170
1%
1$
b11111 0
b1111 !
b1111 /
b10 (
b10 .
b10 +
#12175
b1010 0
0%
0$
b1010 !
b1010 /
b11 (
b11 .
b11 +
#12180
b1000 0
b1000 !
b1000 /
b100 (
b100 .
b100 +
#12185
b1000 !
b1000 /
b101 (
b101 .
b101 +
#12190
b1001 !
b1001 /
b110 (
b110 .
b110 +
#12195
b1 !
b1 /
b111 (
b111 .
b111 +
#12200
b10110 !
b10110 /
b1000 (
b1000 .
b1000 +
#12205
b11 !
b11 /
b1001 (
b1001 .
b1001 +
#12210
b1100 !
b1100 /
b1010 (
b1010 .
b1010 +
#12215
b10010 !
b10010 /
b1011 (
b1011 .
b1011 +
#12220
b100 !
b100 /
b1100 (
b1100 .
b1100 +
#12225
b1 !
b1 /
b1101 (
b1101 .
b1101 +
#12230
b0 !
b0 /
b1110 (
b1110 .
b1110 +
#12235
b1111 (
b1111 .
b1111 +
#12240
b10010 !
b10010 /
b10010 0
b0 (
b0 .
b1001 '
b1001 -
b1001 *
b0 +
#12245
b0 0
b0 !
b0 /
b1 (
b1 .
b1 +
#12250
b10 (
b10 .
b10 +
#12255
b1010 !
b1010 /
b1010 0
b11 (
b11 .
b11 +
#12260
b1000 0
b1000 !
b1000 /
b100 (
b100 .
b100 +
#12265
b1001 !
b1001 /
b101 (
b101 .
b101 +
#12270
b1001 !
b1001 /
b110 (
b110 .
b110 +
#12275
b0 !
b0 /
b111 (
b111 .
b111 +
#12280
b10110 !
b10110 /
b1000 (
b1000 .
b1000 +
#12285
b11 !
b11 /
b1001 (
b1001 .
b1001 +
#12290
b1100 !
b1100 /
b1010 (
b1010 .
b1010 +
#12295
b10010 !
b10010 /
b1011 (
b1011 .
b1011 +
#12300
b100 !
b100 /
b1100 (
b1100 .
b1100 +
#12305
b0 !
b0 /
b1101 (
b1101 .
b1101 +
#12310
b1 !
b1 /
b1110 (
b1110 .
b1110 +
#12315
b0 !
b0 /
b1111 (
b1111 .
b1111 +
#12320
b10011 !
b10011 /
b10011 0
b0 (
b0 .
b1010 '
b1010 -
b1010 *
b0 +
#12325
1%
1$
b11111 0
b1111 !
b1111 /
b1 (
b1 .
b1 +
#12330
b1 0
0%
0$
b1 !
b1 /
b10 (
b10 .
b10 +
#12335
b1010 0
b1010 !
b1010 /
b11 (
b11 .
b11 +
#12340
b1000 0
b1000 !
b1000 /
b100 (
b100 .
b100 +
#12345
b1000 !
b1000 /
b101 (
b101 .
b101 +
#12350
b1011 !
b1011 /
b110 (
b110 .
b110 +
#12355
b11 !
b11 /
b111 (
b111 .
b111 +
#12360
b10110 !
b10110 /
b1000 (
b1000 .
b1000 +
#12365
b11 !
b11 /
b1001 (
b1001 .
b1001 +
#12370
b1100 !
b1100 /
b1010 (
b1010 .
b1010 +
#12375
b10010 !
b10010 /
b1011 (
b1011 .
b1011 +
#12380
b100 !
b100 /
b1100 (
b1100 .
b1100 +
#12385
b0 !
b0 /
b1101 (
b1101 .
b1101 +
#12390
b1110 (
b1110 .
b1110 +
#12395
b1111 (
b1111 .
b1111 +
#12400
b10100 !
b10100 /
b10100 0
b0 (
b0 .
b1011 '
b1011 -
b1011 *
b0 +
#12405
1%
1$
b11110 0
b1110 !
b1110 /
b1 (
b1 .
b1 +
#12410
b10 0
0%
0$
b10 !
b10 /
b10 (
b10 .
b10 +
#12415
b1010 0
b1010 !
b1010 /
b11 (
b11 .
b11 +
#12420
b1000 0
b1000 !
b1000 /
b100 (
b100 .
b100 +
#12425
b1001 !
b1001 /
b101 (
b101 .
b101 +
#12430
b1011 !
b1011 /
b110 (
b110 .
b110 +
#12435
b10 !
b10 /
b111 (
b111 .
b111 +
#12440
b10110 !
b10110 /
b1000 (
b1000 .
b1000 +
#12445
b11 !
b11 /
b1001 (
b1001 .
b1001 +
#12450
b1100 !
b1100 /
b1010 (
b1010 .
b1010 +
#12455
b10010 !
b10010 /
b1011 (
b1011 .
b1011 +
#12460
b100 !
b100 /
b1100 (
b1100 .
b1100 +
#12465
b0 !
b0 /
b1101 (
b1101 .
b1101 +
#12470
b1110 (
b1110 .
b1110 +
#12475
b1111 (
b1111 .
b1111 +
#12480
b10101 !
b10101 /
b10101 0
b0 (
b0 .
b1100 '
b1100 -
b1100 *
b0 +
#12485
1%
1$
b11101 0
b1101 !
b1101 /
b1 (
b1 .
b1 +
#12490
b11 0
0%
0$
b11 !
b11 /
b10 (
b10 .
b10 +
#12495
b1010 0
b1010 !
b1010 /
b11 (
b11 .
b11 +
#12500
b1000 0
b1000 !
b1000 /
b100 (
b100 .
b100 +
#12505
b1000 !
b1000 /
b101 (
b101 .
b101 +
#12510
b1101 !
b1101 /
b110 (
b110 .
b110 +
#12515
b101 !
b101 /
b111 (
b111 .
b111 +
#12520
b10110 !
b10110 /
b1000 (
b1000 .
b1000 +
#12525
b11 !
b11 /
b1001 (
b1001 .
b1001 +
#12530
b1100 !
b1100 /
b1010 (
b1010 .
b1010 +
#12535
b10010 !
b10010 /
b1011 (
b1011 .
b1011 +
#12540
b100 !
b100 /
b1100 (
b1100 .
b1100 +
#12545
b0 !
b0 /
b1101 (
b1101 .
b1101 +
#12550
b1110 (
b1110 .
b1110 +
#12555
b1111 (
b1111 .
b1111 +
#12560
b10110 !
b10110 /
b10110 0
b0 (
b0 .
b1101 '
b1101 -
b1101 *
b0 +
#12565
1%
1$
b11100 0
b1100 !
b1100 /
b1 (
b1 .
b1 +
#12570
b100 0
0%
0$
b100 !
b100 /
b10 (
b10 .
b10 +
#12575
b1010 0
b1010 !
b1010 /
b11 (
b11 .
b11 +
#12580
b1000 0
b1000 !
b1000 /
b100 (
b100 .
b100 +
#12585
b1001 !
b1001 /
b101 (
b101 .
b101 +
#12590
b1101 !
b1101 /
b110 (
b110 .
b110 +
#12595
b100 !
b100 /
b111 (
b111 .
b111 +
#12600
b10110 !
b10110 /
b1000 (
b1000 .
b1000 +
#12605
b11 !
b11 /
b1001 (
b1001 .
b1001 +
#12610
b1100 !
b1100 /
b1010 (
b1010 .
b1010 +
#12615
b10010 !
b10010 /
b1011 (
b1011 .
b1011 +
#12620
b100 !
b100 /
b1100 (
b1100 .
b1100 +
#12625
b0 !
b0 /
b1101 (
b1101 .
b1101 +
#12630
b1110 (
b1110 .
b1110 +
#12635
b1111 (
b1111 .
b1111 +
#12640
b10111 !
b10111 /
b10111 0
b0 (
b0 .
b1110 '
b1110 -
b1110 *
b0 +
#12645
1%
1$
b11011 0
b1011 !
b1011 /
b1 (
b1 .
b1 +
#12650
b101 0
0%
0$
b101 !
b101 /
b10 (
b10 .
b10 +
#12655
b1010 0
b1010 !
b1010 /
b11 (
b11 .
b11 +
#12660
b1000 0
b1000 !
b1000 /
b100 (
b100 .
b100 +
#12665
b1000 !
b1000 /
b101 (
b101 .
b101 +
#12670
b1111 !
b1111 /
b110 (
b110 .
b110 +
#12675
b111 !
b111 /
b111 (
b111 .
b111 +
#12680
b10110 !
b10110 /
b1000 (
b1000 .
b1000 +
#12685
b11 !
b11 /
b1001 (
b1001 .
b1001 +
#12690
b1100 !
b1100 /
b1010 (
b1010 .
b1010 +
#12695
b10010 !
b10010 /
b1011 (
b1011 .
b1011 +
#12700
b100 !
b100 /
b1100 (
b1100 .
b1100 +
#12705
b0 !
b0 /
b1101 (
b1101 .
b1101 +
#12710
b1110 (
b1110 .
b1110 +
#12715
b1111 (
b1111 .
b1111 +
#12720
b11000 !
b11000 /
b11000 0
b0 (
b0 .
b1111 '
b1111 -
b1111 *
b0 +
#12725
1%
1$
b11010 0
b1010 !
b1010 /
b1 (
b1 .
b1 +
#12730
b110 0
0%
0$
b110 !
b110 /
b10 (
b10 .
b10 +
#12735
b1010 0
b1010 !
b1010 /
b11 (
b11 .
b11 +
#12740
b1000 0
b1000 !
b1000 /
b100 (
b100 .
b100 +
#12745
b1001 !
b1001 /
b101 (
b101 .
b101 +
#12750
b1111 !
b1111 /
b110 (
b110 .
b110 +
#12755
b110 !
b110 /
b111 (
b111 .
b111 +
#12760
b10110 !
b10110 /
b1000 (
b1000 .
b1000 +
#12765
b11 !
b11 /
b1001 (
b1001 .
b1001 +
#12770
b1100 !
b1100 /
b1010 (
b1010 .
b1010 +
#12775
b10010 !
b10010 /
b1011 (
b1011 .
b1011 +
#12780
b100 !
b100 /
b1100 (
b1100 .
b1100 +
#12785
b0 !
b0 /
b1101 (
b1101 .
b1101 +
#12790
b1110 (
b1110 .
b1110 +
#12795
b1111 (
b1111 .
b1111 +
#12800
b1010 !
b1010 /
b1010 0
b0 (
b0 .
b0 '
b0 -
b1010 &
b1010 ,
b1010 )
b0 *
b0 +
#12805
b1010 !
b1010 /
b1 (
b1 .
b1 +
#12810
1%
1$
b10110 0
b110 !
b110 /
b10 (
b10 .
b10 +
#12815
b1011 0
0%
0$
b1011 !
b1011 /
b11 (
b11 .
b11 +
#12820
b1001 0
b1001 !
b1001 /
b100 (
b100 .
b100 +
#12825
b0 !
b0 /
b101 (
b101 .
b101 +
#12830
b1010 !
b1010 /
b110 (
b110 .
b110 +
#12835
b1010 !
b1010 /
b111 (
b111 .
b111 +
#12840
b10101 !
b10101 /
b1000 (
b1000 .
b1000 +
#12845
b101 !
b101 /
b1001 (
b1001 .
b1001 +
#12850
b101 !
b101 /
b1010 (
b1010 .
b1010 +
#12855
b10100 !
b10100 /
b1011 (
b1011 .
b1011 +
#12860
b101 !
b101 /
b1100 (
b1100 .
b1100 +
#12865
b1 !
b1 /
b1101 (
b1101 .
b1101 +
#12870
b0 !
b0 /
b1110 (
b1110 .
b1110 +
#12875
b1111 (
b1111 .
b1111 +
#12880
b1011 !
b1011 /
b1011 0
b0 (
b0 .
b1 '
b1 -
b1 *
b0 +
#12885
b1001 0
b1001 !
b1001 /
b1 (
b1 .
b1 +
#12890
1%
1$
b10111 0
b111 !
b111 /
b10 (
b10 .
b10 +
#12895
b1011 0
0%
0$
b1011 !
b1011 /
b11 (
b11 .
b11 +
#12900
b1001 0
b1001 !
b1001 /
b100 (
b100 .
b100 +
#12905
b0 !
b0 /
b101 (
b101 .
b101 +
#12910
b1011 !
b1011 /
b110 (
b110 .
b110 +
#12915
b1011 !
b1011 /
b111 (
b111 .
b111 +
#12920
b10101 !
b10101 /
b1000 (
b1000 .
b1000 +
#12925
b101 !
b101 /
b1001 (
b1001 .
b1001 +
#12930
b101 !
b101 /
b1010 (
b1010 .
b1010 +
#12935
b10100 !
b10100 /
b1011 (
b1011 .
b1011 +
#12940
b101 !
b101 /
b1100 (
b1100 .
b1100 +
#12945
b1 !
b1 /
b1101 (
b1101 .
b1101 +
#12950
b0 !
b0 /
b1110 (
b1110 .
b1110 +
#12955
b1111 (
b1111 .
b1111 +
#12960
b1100 !
b1100 /
b1100 0
b0 (
b0 .
b10 '
b10 -
b10 *
b0 +
#12965
b1000 0
b1000 !
b1000 /
b1 (
b1 .
b1 +
#12970
1%
1$
b11000 0
b1000 !
b1000 /
b10 (
b10 .
b10 +
#12975
b1011 0
0%
0$
b1011 !
b1011 /
b11 (
b11 .
b11 +
#12980
b1001 0
b1001 !
b1001 /
b100 (
b100 .
b100 +
#12985
b10 !
b10 /
b101 (
b101 .
b101 +
#12990
b1010 !
b1010 /
b110 (
b110 .
b110 +
#12995
b1000 !
b1000 /
b111 (
b111 .
b111 +
#13000
b10101 !
b10101 /
b1000 (
b1000 .
b1000 +
#13005
b101 !
b101 /
b1001 (
b1001 .
b1001 +
#13010
b101 !
b101 /
b1010 (
b1010 .
b1010 +
#13015
b10100 !
b10100 /
b1011 (
b1011 .
b1011 +
#13020
b101 !
b101 /
b1100 (
b1100 .
b1100 +
#13025
b1 !
b1 /
b1101 (
b1101 .
b1101 +
#13030
b0 !
b0 /
b1110 (
b1110 .
b1110 +
#13035
b1111 (
b1111 .
b1111 +
#13040
b1101 !
b1101 /
b1101 0
b0 (
b0 .
b11 '
b11 -
b11 *
b0 +
#13045
b111 0
b111 !
b111 /
b1 (
b1 .
b1 +
#13050
1%
1$
b11001 0
b1001 !
b1001 /
b10 (
b10 .
b10 +
#13055
b1011 0
0%
0$
b1011 !
b1011 /
b11 (
b11 .
b11 +
#13060
b1001 0
b1001 !
b1001 /
b100 (
b100 .
b100 +
#13065
b10 !
b10 /
b101 (
b101 .
b101 +
#13070
b1011 !
b1011 /
b110 (
b110 .
b110 +
#13075
b1001 !
b1001 /
b111 (
b111 .
b111 +
#13080
b10101 !
b10101 /
b1000 (
b1000 .
b1000 +
#13085
b101 !
b101 /
b1001 (
b1001 .
b1001 +
#13090
b101 !
b101 /
b1010 (
b1010 .
b1010 +
#13095
b10100 !
b10100 /
b1011 (
b1011 .
b1011 +
#13100
b101 !
b101 /
b1100 (
b1100 .
b1100 +
#13105
b1 !
b1 /
b1101 (
b1101 .
b1101 +
#13110
b0 !
b0 /
b1110 (
b1110 .
b1110 +
#13115
b1111 (
b1111 .
b1111 +
#13120
b1110 !
b1110 /
b1110 0
b0 (
b0 .
b100 '
b100 -
b100 *
b0 +
#13125
b110 0
b110 !
b110 /
b1 (
b1 .
b1 +
#13130
1%
1$
b11010 0
b1010 !
b1010 /
b10 (
b10 .
b10 +
#13135
b1011 0
0%
0$
b1011 !
b1011 /
b11 (
b11 .
b11 +
#13140
b1001 0
b1001 !
b1001 /
b100 (
b100 .
b100 +
#13145
b0 !
b0 /
b101 (
b101 .
b101 +
#13150
b1110 !
b1110 /
b110 (
b110 .
b110 +
#13155
b1110 !
b1110 /
b111 (
b111 .
b111 +
#13160
b10101 !
b10101 /
b1000 (
b1000 .
b1000 +
#13165
b101 !
b101 /
b1001 (
b1001 .
b1001 +
#13170
b101 !
b101 /
b1010 (
b1010 .
b1010 +
#13175
b10100 !
b10100 /
b1011 (
b1011 .
b1011 +
#13180
b101 !
b101 /
b1100 (
b1100 .
b1100 +
#13185
b1 !
b1 /
b1101 (
b1101 .
b1101 +
#13190
b0 !
b0 /
b1110 (
b1110 .
b1110 +
#13195
b1111 (
b1111 .
b1111 +
#13200
b1111 !
b1111 /
b1111 0
b0 (
b0 .
b101 '
b101 -
b101 *
b0 +
#13205
b101 0
b101 !
b101 /
b1 (
b1 .
b1 +
#13210
1%
1$
b11011 0
b1011 !
b1011 /
b10 (
b10 .
b10 +
#13215
b1011 0
0%
0$
b1011 !
b1011 /
b11 (
b11 .
b11 +
#13220
b1001 0
b1001 !
b1001 /
b100 (
b100 .
b100 +
#13225
b0 !
b0 /
b101 (
b101 .
b101 +
#13230
b1111 !
b1111 /
b110 (
b110 .
b110 +
#13235
b1111 !
b1111 /
b111 (
b111 .
b111 +
#13240
b10101 !
b10101 /
b1000 (
b1000 .
b1000 +
#13245
b101 !
b101 /
b1001 (
b1001 .
b1001 +
#13250
b101 !
b101 /
b1010 (
b1010 .
b1010 +
#13255
b10100 !
b10100 /
b1011 (
b1011 .
b1011 +
#13260
b101 !
b101 /
b1100 (
b1100 .
b1100 +
#13265
b1 !
b1 /
b1101 (
b1101 .
b1101 +
#13270
b0 !
b0 /
b1110 (
b1110 .
b1110 +
#13275
b1111 (
b1111 .
b1111 +
#13280
b10000 !
b10000 /
b10000 0
b0 (
b0 .
b110 '
b110 -
b110 *
b0 +
#13285
b100 0
b100 !
b100 /
b1 (
b1 .
b1 +
#13290
1%
1$
b11100 0
b1100 !
b1100 /
b10 (
b10 .
b10 +
#13295
b1011 0
0%
0$
b1011 !
b1011 /
b11 (
b11 .
b11 +
#13300
b1001 0
b1001 !
b1001 /
b100 (
b100 .
b100 +
#13305
b10 !
b10 /
b101 (
b101 .
b101 +
#13310
b1110 !
b1110 /
b110 (
b110 .
b110 +
#13315
b1100 !
b1100 /
b111 (
b111 .
b111 +
#13320
b10101 !
b10101 /
b1000 (
b1000 .
b1000 +
#13325
b101 !
b101 /
b1001 (
b1001 .
b1001 +
#13330
b101 !
b101 /
b1010 (
b1010 .
b1010 +
#13335
b10100 !
b10100 /
b1011 (
b1011 .
b1011 +
#13340
b101 !
b101 /
b1100 (
b1100 .
b1100 +
#13345
b1 !
b1 /
b1101 (
b1101 .
b1101 +
#13350
b0 !
b0 /
b1110 (
b1110 .
b1110 +
#13355
b1111 (
b1111 .
b1111 +
#13360
b10001 !
b10001 /
b10001 0
b0 (
b0 .
b111 '
b111 -
b111 *
b0 +
#13365
b11 0
b11 !
b11 /
b1 (
b1 .
b1 +
#13370
1%
1$
b11101 0
b1101 !
b1101 /
b10 (
b10 .
b10 +
#13375
b1011 0
0%
0$
b1011 !
b1011 /
b11 (
b11 .
b11 +
#13380
b1001 0
b1001 !
b1001 /
b100 (
b100 .
b100 +
#13385
b10 !
b10 /
b101 (
b101 .
b101 +
#13390
b1111 !
b1111 /
b110 (
b110 .
b110 +
#13395
b1101 !
b1101 /
b111 (
b111 .
b111 +
#13400
b10101 !
b10101 /
b1000 (
b1000 .
b1000 +
#13405
b101 !
b101 /
b1001 (
b1001 .
b1001 +
#13410
b101 !
b101 /
b1010 (
b1010 .
b1010 +
#13415
b10100 !
b10100 /
b1011 (
b1011 .
b1011 +
#13420
b101 !
b101 /
b1100 (
b1100 .
b1100 +
#13425
b1 !
b1 /
b1101 (
b1101 .
b1101 +
#13430
b0 !
b0 /
b1110 (
b1110 .
b1110 +
#13435
b1111 (
b1111 .
b1111 +
#13440
b10010 !
b10010 /
b10010 0
b0 (
b0 .
b1000 '
b1000 -
b1000 *
b0 +
#13445
b10 0
b10 !
b10 /
b1 (
b1 .
b1 +
#13450
1%
1$
b11110 0
b1110 !
b1110 /
b10 (
b10 .
b10 +
#13455
b1011 0
0%
0$
b1011 !
b1011 /
b11 (
b11 .
b11 +
#13460
b1001 0
b1001 !
b1001 /
b100 (
b100 .
b100 +
#13465
b1000 !
b1000 /
b101 (
b101 .
b101 +
#13470
b1010 !
b1010 /
b110 (
b110 .
b110 +
#13475
b10 !
b10 /
b111 (
b111 .
b111 +
#13480
b10101 !
b10101 /
b1000 (
b1000 .
b1000 +
#13485
b101 !
b101 /
b1001 (
b1001 .
b1001 +
#13490
b101 !
b101 /
b1010 (
b1010 .
b1010 +
#13495
b10100 !
b10100 /
b1011 (
b1011 .
b1011 +
#13500
b101 !
b101 /
b1100 (
b1100 .
b1100 +
#13505
b1 !
b1 /
b1101 (
b1101 .
b1101 +
#13510
b0 !
b0 /
b1110 (
b1110 .
b1110 +
#13515
b1111 (
b1111 .
b1111 +
#13520
b10011 !
b10011 /
b10011 0
b0 (
b0 .
b1001 '
b1001 -
b1001 *
b0 +
#13525
b1 0
b1 !
b1 /
b1 (
b1 .
b1 +
#13530
1%
1$
b11111 0
b1111 !
b1111 /
b10 (
b10 .
b10 +
#13535
b1011 0
0%
0$
b1011 !
b1011 /
b11 (
b11 .
b11 +
#13540
b1001 0
b1001 !
b1001 /
b100 (
b100 .
b100 +
#13545
b1000 !
b1000 /
b101 (
b101 .
b101 +
#13550
b1011 !
b1011 /
b110 (
b110 .
b110 +
#13555
b11 !
b11 /
b111 (
b111 .
b111 +
#13560
b10101 !
b10101 /
b1000 (
b1000 .
b1000 +
#13565
b101 !
b101 /
b1001 (
b1001 .
b1001 +
#13570
b101 !
b101 /
b1010 (
b1010 .
b1010 +
#13575
b10100 !
b10100 /
b1011 (
b1011 .
b1011 +
#13580
b101 !
b101 /
b1100 (
b1100 .
b1100 +
#13585
b1 !
b1 /
b1101 (
b1101 .
b1101 +
#13590
b0 !
b0 /
b1110 (
b1110 .
b1110 +
#13595
b1111 (
b1111 .
b1111 +
#13600
b10100 !
b10100 /
b10100 0
b0 (
b0 .
b1010 '
b1010 -
b1010 *
b0 +
#13605
b0 0
b0 !
b0 /
b1 (
b1 .
b1 +
#13610
b10 (
b10 .
b10 +
#13615
b1011 !
b1011 /
b1011 0
b11 (
b11 .
b11 +
#13620
b1001 0
b1001 !
b1001 /
b100 (
b100 .
b100 +
#13625
b1010 !
b1010 /
b101 (
b101 .
b101 +
#13630
b1010 !
b1010 /
b110 (
b110 .
b110 +
#13635
b0 !
b0 /
b111 (
b111 .
b111 +
#13640
b10101 !
b10101 /
b1000 (
b1000 .
b1000 +
#13645
b101 !
b101 /
b1001 (
b1001 .
b1001 +
#13650
b101 !
b101 /
b1010 (
b1010 .
b1010 +
#13655
b10100 !
b10100 /
b1011 (
b1011 .
b1011 +
#13660
b101 !
b101 /
b1100 (
b1100 .
b1100 +
#13665
b0 !
b0 /
b1101 (
b1101 .
b1101 +
#13670
b1 !
b1 /
b1110 (
b1110 .
b1110 +
#13675
b0 !
b0 /
b1111 (
b1111 .
b1111 +
#13680
b10101 !
b10101 /
b10101 0
b0 (
b0 .
b1011 '
b1011 -
b1011 *
b0 +
#13685
1%
1$
b11111 0
b1111 !
b1111 /
b1 (
b1 .
b1 +
#13690
b1 0
0%
0$
b1 !
b1 /
b10 (
b10 .
b10 +
#13695
b1011 0
b1011 !
b1011 /
b11 (
b11 .
b11 +
#13700
b1001 0
b1001 !
b1001 /
b100 (
b100 .
b100 +
#13705
b1010 !
b1010 /
b101 (
b101 .
b101 +
#13710
b1011 !
b1011 /
b110 (
b110 .
b110 +
#13715
b1 !
b1 /
b111 (
b111 .
b111 +
#13720
b10101 !
b10101 /
b1000 (
b1000 .
b1000 +
#13725
b101 !
b101 /
b1001 (
b1001 .
b1001 +
#13730
b101 !
b101 /
b1010 (
b1010 .
b1010 +
#13735
b10100 !
b10100 /
b1011 (
b1011 .
b1011 +
#13740
b101 !
b101 /
b1100 (
b1100 .
b1100 +
#13745
b0 !
b0 /
b1101 (
b1101 .
b1101 +
#13750
b1110 (
b1110 .
b1110 +
#13755
b1111 (
b1111 .
b1111 +
#13760
b10110 !
b10110 /
b10110 0
b0 (
b0 .
b1100 '
b1100 -
b1100 *
b0 +
#13765
1%
1$
b11110 0
b1110 !
b1110 /
b1 (
b1 .
b1 +
#13770
b10 0
0%
0$
b10 !
b10 /
b10 (
b10 .
b10 +
#13775
b1011 0
b1011 !
b1011 /
b11 (
b11 .
b11 +
#13780
b1001 0
b1001 !
b1001 /
b100 (
b100 .
b100 +
#13785
b1000 !
b1000 /
b101 (
b101 .
b101 +
#13790
b1110 !
b1110 /
b110 (
b110 .
b110 +
#13795
b110 !
b110 /
b111 (
b111 .
b111 +
#13800
b10101 !
b10101 /
b1000 (
b1000 .
b1000 +
#13805
b101 !
b101 /
b1001 (
b1001 .
b1001 +
#13810
b101 !
b101 /
b1010 (
b1010 .
b1010 +
#13815
b10100 !
b10100 /
b1011 (
b1011 .
b1011 +
#13820
b101 !
b101 /
b1100 (
b1100 .
b1100 +
#13825
b0 !
b0 /
b1101 (
b1101 .
b1101 +
#13830
b1110 (
b1110 .
b1110 +
#13835
b1111 (
b1111 .
b1111 +
#13840
b10111 !
b10111 /
b10111 0
b0 (
b0 .
b1101 '
b1101 -
b1101 *
b0 +
#13845
1%
1$
b11101 0
b1101 !
b1101 /
b1 (
b1 .
b1 +
#13850
b11 0
0%
0$
b11 !
b11 /
b10 (
b10 .
b10 +
#13855
b1011 0
b1011 !
b1011 /
b11 (
b11 .
b11 +
#13860
b1001 0
b1001 !
b1001 /
b100 (
b100 .
b100 +
#13865
b1000 !
b1000 /
b101 (
b101 .
b101 +
#13870
b1111 !
b1111 /
b110 (
b110 .
b110 +
#13875
b111 !
b111 /
b111 (
b111 .
b111 +
#13880
b10101 !
b10101 /
b1000 (
b1000 .
b1000 +
#13885
b101 !
b101 /
b1001 (
b1001 .
b1001 +
#13890
b101 !
b101 /
b1010 (
b1010 .
b1010 +
#13895
b10100 !
b10100 /
b1011 (
b1011 .
b1011 +
#13900
b101 !
b101 /
b1100 (
b1100 .
b1100 +
#13905
b0 !
b0 /
b1101 (
b1101 .
b1101 +
#13910
b1110 (
b1110 .
b1110 +
#13915
b1111 (
b1111 .
b1111 +
#13920
b11000 !
b11000 /
b11000 0
b0 (
b0 .
b1110 '
b1110 -
b1110 *
b0 +
#13925
1%
1$
b11100 0
b1100 !
b1100 /
b1 (
b1 .
b1 +
#13930
b100 0
0%
0$
b100 !
b100 /
b10 (
b10 .
b10 +
#13935
b1011 0
b1011 !
b1011 /
b11 (
b11 .
b11 +
#13940
b1001 0
b1001 !
b1001 /
b100 (
b100 .
b100 +
#13945
b1010 !
b1010 /
b101 (
b101 .
b101 +
#13950
b1110 !
b1110 /
b110 (
b110 .
b110 +
#13955
b100 !
b100 /
b111 (
b111 .
b111 +
#13960
b10101 !
b10101 /
b1000 (
b1000 .
b1000 +
#13965
b101 !
b101 /
b1001 (
b1001 .
b1001 +
#13970
b101 !
b101 /
b1010 (
b1010 .
b1010 +
#13975
b10100 !
b10100 /
b1011 (
b1011 .
b1011 +
#13980
b101 !
b101 /
b1100 (
b1100 .
b1100 +
#13985
b0 !
b0 /
b1101 (
b1101 .
b1101 +
#13990
b1110 (
b1110 .
b1110 +
#13995
b1111 (
b1111 .
b1111 +
#14000
b11001 !
b11001 /
b11001 0
b0 (
b0 .
b1111 '
b1111 -
b1111 *
b0 +
#14005
1%
1$
b11011 0
b1011 !
b1011 /
b1 (
b1 .
b1 +
#14010
b101 0
0%
0$
b101 !
b101 /
b10 (
b10 .
b10 +
#14015
b1011 0
b1011 !
b1011 /
b11 (
b11 .
b11 +
#14020
b1001 0
b1001 !
b1001 /
b100 (
b100 .
b100 +
#14025
b1010 !
b1010 /
b101 (
b101 .
b101 +
#14030
b1111 !
b1111 /
b110 (
b110 .
b110 +
#14035
b101 !
b101 /
b111 (
b111 .
b111 +
#14040
b10101 !
b10101 /
b1000 (
b1000 .
b1000 +
#14045
b101 !
b101 /
b1001 (
b1001 .
b1001 +
#14050
b101 !
b101 /
b1010 (
b1010 .
b1010 +
#14055
b10100 !
b10100 /
b1011 (
b1011 .
b1011 +
#14060
b101 !
b101 /
b1100 (
b1100 .
b1100 +
#14065
b0 !
b0 /
b1101 (
b1101 .
b1101 +
#14070
b1110 (
b1110 .
b1110 +
#14075
b1111 (
b1111 .
b1111 +
#14080
b1011 !
b1011 /
b1011 0
b0 (
b0 .
b0 '
b0 -
b1011 &
b1011 ,
b1011 )
b0 *
b0 +
#14085
b1011 !
b1011 /
b1 (
b1 .
b1 +
#14090
1%
1$
b10101 0
b101 !
b101 /
b10 (
b10 .
b10 +
#14095
b1100 0
0%
0$
b1100 !
b1100 /
b11 (
b11 .
b11 +
#14100
b1010 0
b1010 !
b1010 /
b100 (
b100 .
b100 +
#14105
b0 !
b0 /
b101 (
b101 .
b101 +
#14110
b1011 !
b1011 /
b110 (
b110 .
b110 +
#14115
b1011 !
b1011 /
b111 (
b111 .
b111 +
#14120
b10100 !
b10100 /
b1000 (
b1000 .
b1000 +
#14125
b111 !
b111 /
b1001 (
b1001 .
b1001 +
#14130
b1101 !
b1101 /
b1010 (
b1010 .
b1010 +
#14135
b10110 !
b10110 /
b1011 (
b1011 .
b1011 +
#14140
b101 !
b101 /
b1100 (
b1100 .
b1100 +
#14145
b1 !
b1 /
b1101 (
b1101 .
b1101 +
#14150
b0 !
b0 /
b1110 (
b1110 .
b1110 +
#14155
b1111 (
b1111 .
b1111 +
#14160
b1100 !
b1100 /
b1100 0
b0 (
b0 .
b1 '
b1 -
b1 *
b0 +
#14165
b1010 0
b1010 !
b1010 /
b1 (
b1 .
b1 +
#14170
1%
1$
b10110 0
b110 !
b110 /
b10 (
b10 .
b10 +
#14175
b1100 0
0%
0$
b1100 !
b1100 /
b11 (
b11 .
b11 +
#14180
b1010 0
b1010 !
b1010 /
b100 (
b100 .
b100 +
#14185
b1 !
b1 /
b101 (
b101 .
b101 +
#14190
b1011 !
b1011 /
b110 (
b110 .
b110 +
#14195
b1010 !
b1010 /
b111 (
b111 .
b111 +
#14200
b10100 !
b10100 /
b1000 (
b1000 .
b1000 +
#14205
b111 !
b111 /
b1001 (
b1001 .
b1001 +
#14210
b1101 !
b1101 /
b1010 (
b1010 .
b1010 +
#14215
b10110 !
b10110 /
b1011 (
b1011 .
b1011 +
#14220
b101 !
b101 /
b1100 (
b1100 .
b1100 +
#14225
b1 !
b1 /
b1101 (
b1101 .
b1101 +
#14230
b0 !
b0 /
b1110 (
b1110 .
b1110 +
#14235
b1111 (
b1111 .
b1111 +
#14240
b1101 !
b1101 /
b1101 0
b0 (
b0 .
b10 '
b10 -
b10 *
b0 +
#14245
b1001 0
b1001 !
b1001 /
b1 (
b1 .
b1 +
#14250
1%
1$
b10111 0
b111 !
b111 /
b10 (
b10 .
b10 +
#14255
b1100 0
0%
0$
b1100 !
b1100 /
b11 (
b11 .
b11 +
#14260
b1010 0
b1010 !
b1010 /
b100 (
b100 .
b100 +
#14265
b10 !
b10 /
b101 (
b101 .
b101 +
#14270
b1011 !
b1011 /
b110 (
b110 .
b110 +
#14275
b1001 !
b1001 /
b111 (
b111 .
b111 +
#14280
b10100 !
b10100 /
b1000 (
b1000 .
b1000 +
#14285
b111 !
b111 /
b1001 (
b1001 .
b1001 +
#14290
b1101 !
b1101 /
b1010 (
b1010 .
b1010 +
#14295
b10110 !
b10110 /
b1011 (
b1011 .
b1011 +
#14300
b101 !
b101 /
b1100 (
b1100 .
b1100 +
#14305
b1 !
b1 /
b1101 (
b1101 .
b1101 +
#14310
b0 !
b0 /
b1110 (
b1110 .
b1110 +
#14315
b1111 (
b1111 .
b1111 +
#14320
b1110 !
b1110 /
b1110 0
b0 (
b0 .
b11 '
b11 -
b11 *
b0 +
#14325
b1000 0
b1000 !
b1000 /
b1 (
b1 .
b1 +
#14330
1%
1$
b11000 0
b1000 !
b1000 /
b10 (
b10 .
b10 +
#14335
b1100 0
0%
0$
b1100 !
b1100 /
b11 (
b11 .
b11 +
#14340
b1010 0
b1010 !
b1010 /
b100 (
b100 .
b100 +
#14345
b11 !
b11 /
b101 (
b101 .
b101 +
#14350
b1011 !
b1011 /
b110 (
b110 .
b110 +
#14355
b1000 !
b1000 /
b111 (
b111 .
b111 +
#14360
b10100 !
b10100 /
b1000 (
b1000 .
b1000 +
#14365
b111 !
b111 /
b1001 (
b1001 .
b1001 +
#14370
b1101 !
b1101 /
b1010 (
b1010 .
b1010 +
#14375
b10110 !
b10110 /
b1011 (
b1011 .
b1011 +
#14380
b101 !
b101 /
b1100 (
b1100 .
b1100 +
#14385
b1 !
b1 /
b1101 (
b1101 .
b1101 +
#14390
b0 !
b0 /
b1110 (
b1110 .
b1110 +
#14395
b1111 (
b1111 .
b1111 +
#14400
b1111 !
b1111 /
b1111 0
b0 (
b0 .
b100 '
b100 -
b100 *
b0 +
#14405
b111 0
b111 !
b111 /
b1 (
b1 .
b1 +
#14410
1%
1$
b11001 0
b1001 !
b1001 /
b10 (
b10 .
b10 +
#14415
b1100 0
0%
0$
b1100 !
b1100 /
b11 (
b11 .
b11 +
#14420
b1010 0
b1010 !
b1010 /
b100 (
b100 .
b100 +
#14425
b0 !
b0 /
b101 (
b101 .
b101 +
#14430
b1111 !
b1111 /
b110 (
b110 .
b110 +
#14435
b1111 !
b1111 /
b111 (
b111 .
b111 +
#14440
b10100 !
b10100 /
b1000 (
b1000 .
b1000 +
#14445
b111 !
b111 /
b1001 (
b1001 .
b1001 +
#14450
b1101 !
b1101 /
b1010 (
b1010 .
b1010 +
#14455
b10110 !
b10110 /
b1011 (
b1011 .
b1011 +
#14460
b101 !
b101 /
b1100 (
b1100 .
b1100 +
#14465
b1 !
b1 /
b1101 (
b1101 .
b1101 +
#14470
b0 !
b0 /
b1110 (
b1110 .
b1110 +
#14475
b1111 (
b1111 .
b1111 +
#14480
b10000 !
b10000 /
b10000 0
b0 (
b0 .
b101 '
b101 -
b101 *
b0 +
#14485
b110 0
b110 !
b110 /
b1 (
b1 .
b1 +
#14490
1%
1$
b11010 0
b1010 !
b1010 /
b10 (
b10 .
b10 +
#14495
b1100 0
0%
0$
b1100 !
b1100 /
b11 (
b11 .
b11 +
#14500
b1010 0
b1010 !
b1010 /
b100 (
b100 .
b100 +
#14505
b1 !
b1 /
b101 (
b101 .
b101 +
#14510
b1111 !
b1111 /
b110 (
b110 .
b110 +
#14515
b1110 !
b1110 /
b111 (
b111 .
b111 +
#14520
b10100 !
b10100 /
b1000 (
b1000 .
b1000 +
#14525
b111 !
b111 /
b1001 (
b1001 .
b1001 +
#14530
b1101 !
b1101 /
b1010 (
b1010 .
b1010 +
#14535
b10110 !
b10110 /
b1011 (
b1011 .
b1011 +
#14540
b101 !
b101 /
b1100 (
b1100 .
b1100 +
#14545
b1 !
b1 /
b1101 (
b1101 .
b1101 +
#14550
b0 !
b0 /
b1110 (
b1110 .
b1110 +
#14555
b1111 (
b1111 .
b1111 +
#14560
b10001 !
b10001 /
b10001 0
b0 (
b0 .
b110 '
b110 -
b110 *
b0 +
#14565
b101 0
b101 !
b101 /
b1 (
b1 .
b1 +
#14570
1%
1$
b11011 0
b1011 !
b1011 /
b10 (
b10 .
b10 +
#14575
b1100 0
0%
0$
b1100 !
b1100 /
b11 (
b11 .
b11 +
#14580
b1010 0
b1010 !
b1010 /
b100 (
b100 .
b100 +
#14585
b10 !
b10 /
b101 (
b101 .
b101 +
#14590
b1111 !
b1111 /
b110 (
b110 .
b110 +
#14595
b1101 !
b1101 /
b111 (
b111 .
b111 +
#14600
b10100 !
b10100 /
b1000 (
b1000 .
b1000 +
#14605
b111 !
b111 /
b1001 (
b1001 .
b1001 +
#14610
b1101 !
b1101 /
b1010 (
b1010 .
b1010 +
#14615
b10110 !
b10110 /
b1011 (
b1011 .
b1011 +
#14620
b101 !
b101 /
b1100 (
b1100 .
b1100 +
#14625
b1 !
b1 /
b1101 (
b1101 .
b1101 +
#14630
b0 !
b0 /
b1110 (
b1110 .
b1110 +
#14635
b1111 (
b1111 .
b1111 +
#14640
b10010 !
b10010 /
b10010 0
b0 (
b0 .
b111 '
b111 -
b111 *
b0 +
#14645
b100 0
b100 !
b100 /
b1 (
b1 .
b1 +
#14650
1%
1$
b11100 0
b1100 !
b1100 /
b10 (
b10 .
b10 +
#14655
b1100 0
0%
0$
b1100 !
b1100 /
b11 (
b11 .
b11 +
#14660
b1010 0
b1010 !
b1010 /
b100 (
b100 .
b100 +
#14665
b11 !
b11 /
b101 (
b101 .
b101 +
#14670
b1111 !
b1111 /
b110 (
b110 .
b110 +
#14675
b1100 !
b1100 /
b111 (
b111 .
b111 +
#14680
b10100 !
b10100 /
b1000 (
b1000 .
b1000 +
#14685
b111 !
b111 /
b1001 (
b1001 .
b1001 +
#14690
b1101 !
b1101 /
b1010 (
b1010 .
b1010 +
#14695
b10110 !
b10110 /
b1011 (
b1011 .
b1011 +
#14700
b101 !
b101 /
b1100 (
b1100 .
b1100 +
#14705
b1 !
b1 /
b1101 (
b1101 .
b1101 +
#14710
b0 !
b0 /
b1110 (
b1110 .
b1110 +
#14715
b1111 (
b1111 .
b1111 +
#14720
b10011 !
b10011 /
b10011 0
b0 (
b0 .
b1000 '
b1000 -
b1000 *
b0 +
#14725
b11 0
b11 !
b11 /
b1 (
b1 .
b1 +
#14730
1%
1$
b11101 0
b1101 !
b1101 /
b10 (
b10 .
b10 +
#14735
b1100 0
0%
0$
b1100 !
b1100 /
b11 (
b11 .
b11 +
#14740
b1010 0
b1010 !
b1010 /
b100 (
b100 .
b100 +
#14745
b1000 !
b1000 /
b101 (
b101 .
b101 +
#14750
b1011 !
b1011 /
b110 (
b110 .
b110 +
#14755
b11 !
b11 /
b111 (
b111 .
b111 +
#14760
b10100 !
b10100 /
b1000 (
b1000 .
b1000 +
#14765
b111 !
b111 /
b1001 (
b1001 .
b1001 +
#14770
b1101 !
b1101 /
b1010 (
b1010 .
b1010 +
#14775
b10110 !
b10110 /
b1011 (
b1011 .
b1011 +
#14780
b101 !
b101 /
b1100 (
b1100 .
b1100 +
#14785
b1 !
b1 /
b1101 (
b1101 .
b1101 +
#14790
b0 !
b0 /
b1110 (
b1110 .
b1110 +
#14795
b1111 (
b1111 .
b1111 +
#14800
b10100 !
b10100 /
b10100 0
b0 (
b0 .
b1001 '
b1001 -
b1001 *
b0 +
#14805
b10 0
b10 !
b10 /
b1 (
b1 .
b1 +
#14810
1%
1$
b11110 0
b1110 !
b1110 /
b10 (
b10 .
b10 +
#14815
b1100 0
0%
0$
b1100 !
b1100 /
b11 (
b11 .
b11 +
#14820
b1010 0
b1010 !
b1010 /
b100 (
b100 .
b100 +
#14825
b1001 !
b1001 /
b101 (
b101 .
b101 +
#14830
b1011 !
b1011 /
b110 (
b110 .
b110 +
#14835
b10 !
b10 /
b111 (
b111 .
b111 +
#14840
b10100 !
b10100 /
b1000 (
b1000 .
b1000 +
#14845
b111 !
b111 /
b1001 (
b1001 .
b1001 +
#14850
b1101 !
b1101 /
b1010 (
b1010 .
b1010 +
#14855
b10110 !
b10110 /
b1011 (
b1011 .
b1011 +
#14860
b101 !
b101 /
b1100 (
b1100 .
b1100 +
#14865
b1 !
b1 /
b1101 (
b1101 .
b1101 +
#14870
b0 !
b0 /
b1110 (
b1110 .
b1110 +
#14875
b1111 (
b1111 .
b1111 +
#14880
b10101 !
b10101 /
b10101 0
b0 (
b0 .
b1010 '
b1010 -
b1010 *
b0 +
#14885
b1 0
b1 !
b1 /
b1 (
b1 .
b1 +
#14890
1%
1$
b11111 0
b1111 !
b1111 /
b10 (
b10 .
b10 +
#14895
b1100 0
0%
0$
b1100 !
b1100 /
b11 (
b11 .
b11 +
#14900
b1010 0
b1010 !
b1010 /
b100 (
b100 .
b100 +
#14905
b1010 !
b1010 /
b101 (
b101 .
b101 +
#14910
b1011 !
b1011 /
b110 (
b110 .
b110 +
#14915
b1 !
b1 /
b111 (
b111 .
b111 +
#14920
b10100 !
b10100 /
b1000 (
b1000 .
b1000 +
#14925
b111 !
b111 /
b1001 (
b1001 .
b1001 +
#14930
b1101 !
b1101 /
b1010 (
b1010 .
b1010 +
#14935
b10110 !
b10110 /
b1011 (
b1011 .
b1011 +
#14940
b101 !
b101 /
b1100 (
b1100 .
b1100 +
#14945
b1 !
b1 /
b1101 (
b1101 .
b1101 +
#14950
b0 !
b0 /
b1110 (
b1110 .
b1110 +
#14955
b1111 (
b1111 .
b1111 +
#14960
b10110 !
b10110 /
b10110 0
b0 (
b0 .
b1011 '
b1011 -
b1011 *
b0 +
#14965
b0 0
b0 !
b0 /
b1 (
b1 .
b1 +
#14970
b10 (
b10 .
b10 +
#14975
b1100 !
b1100 /
b1100 0
b11 (
b11 .
b11 +
#14980
b1010 0
b1010 !
b1010 /
b100 (
b100 .
b100 +
#14985
b1011 !
b1011 /
b101 (
b101 .
b101 +
#14990
b1011 !
b1011 /
b110 (
b110 .
b110 +
#14995
b0 !
b0 /
b111 (
b111 .
b111 +
#15000
b10100 !
b10100 /
b1000 (
b1000 .
b1000 +
#15005
b111 !
b111 /
b1001 (
b1001 .
b1001 +
#15010
b1101 !
b1101 /
b1010 (
b1010 .
b1010 +
#15015
b10110 !
b10110 /
b1011 (
b1011 .
b1011 +
#15020
b101 !
b101 /
b1100 (
b1100 .
b1100 +
#15025
b0 !
b0 /
b1101 (
b1101 .
b1101 +
#15030
b1 !
b1 /
b1110 (
b1110 .
b1110 +
#15035
b0 !
b0 /
b1111 (
b1111 .
b1111 +
#15040
b10111 !
b10111 /
b10111 0
b0 (
b0 .
b1100 '
b1100 -
b1100 *
b0 +
#15045
1%
1$
b11111 0
b1111 !
b1111 /
b1 (
b1 .
b1 +
#15050
b1 0
0%
0$
b1 !
b1 /
b10 (
b10 .
b10 +
#15055
b1100 0
b1100 !
b1100 /
b11 (
b11 .
b11 +
#15060
b1010 0
b1010 !
b1010 /
b100 (
b100 .
b100 +
#15065
b1000 !
b1000 /
b101 (
b101 .
b101 +
#15070
b1111 !
b1111 /
b110 (
b110 .
b110 +
#15075
b111 !
b111 /
b111 (
b111 .
b111 +
#15080
b10100 !
b10100 /
b1000 (
b1000 .
b1000 +
#15085
b111 !
b111 /
b1001 (
b1001 .
b1001 +
#15090
b1101 !
b1101 /
b1010 (
b1010 .
b1010 +
#15095
b10110 !
b10110 /
b1011 (
b1011 .
b1011 +
#15100
b101 !
b101 /
b1100 (
b1100 .
b1100 +
#15105
b0 !
b0 /
b1101 (
b1101 .
b1101 +
#15110
b1110 (
b1110 .
b1110 +
#15115
b1111 (
b1111 .
b1111 +
#15120
b11000 !
b11000 /
b11000 0
b0 (
b0 .
b1101 '
b1101 -
b1101 *
b0 +
#15125
1%
1$
b11110 0
b1110 !
b1110 /
b1 (
b1 .
b1 +
#15130
b10 0
0%
0$
b10 !
b10 /
b10 (
b10 .
b10 +
#15135
b1100 0
b1100 !
b1100 /
b11 (
b11 .
b11 +
#15140
b1010 0
b1010 !
b1010 /
b100 (
b100 .
b100 +
#15145
b1001 !
b1001 /
b101 (
b101 .
b101 +
#15150
b1111 !
b1111 /
b110 (
b110 .
b110 +
#15155
b110 !
b110 /
b111 (
b111 .
b111 +
#15160
b10100 !
b10100 /
b1000 (
b1000 .
b1000 +
#15165
b111 !
b111 /
b1001 (
b1001 .
b1001 +
#15170
b1101 !
b1101 /
b1010 (
b1010 .
b1010 +
#15175
b10110 !
b10110 /
b1011 (
b1011 .
b1011 +
#15180
b101 !
b101 /
b1100 (
b1100 .
b1100 +
#15185
b0 !
b0 /
b1101 (
b1101 .
b1101 +
#15190
b1110 (
b1110 .
b1110 +
#15195
b1111 (
b1111 .
b1111 +
#15200
b11001 !
b11001 /
b11001 0
b0 (
b0 .
b1110 '
b1110 -
b1110 *
b0 +
#15205
1%
1$
b11101 0
b1101 !
b1101 /
b1 (
b1 .
b1 +
#15210
b11 0
0%
0$
b11 !
b11 /
b10 (
b10 .
b10 +
#15215
b1100 0
b1100 !
b1100 /
b11 (
b11 .
b11 +
#15220
b1010 0
b1010 !
b1010 /
b100 (
b100 .
b100 +
#15225
b1010 !
b1010 /
b101 (
b101 .
b101 +
#15230
b1111 !
b1111 /
b110 (
b110 .
b110 +
#15235
b101 !
b101 /
b111 (
b111 .
b111 +
#15240
b10100 !
b10100 /
b1000 (
b1000 .
b1000 +
#15245
b111 !
b111 /
b1001 (
b1001 .
b1001 +
#15250
b1101 !
b1101 /
b1010 (
b1010 .
b1010 +
#15255
b10110 !
b10110 /
b1011 (
b1011 .
b1011 +
#15260
b101 !
b101 /
b1100 (
b1100 .
b1100 +
#15265
b0 !
b0 /
b1101 (
b1101 .
b1101 +
#15270
b1110 (
b1110 .
b1110 +
#15275
b1111 (
b1111 .
b1111 +
#15280
b11010 !
b11010 /
b11010 0
b0 (
b0 .
b1111 '
b1111 -
b1111 *
b0 +
#15285
1%
1$
b11100 0
b1100 !
b1100 /
b1 (
b1 .
b1 +
#15290
b100 0
0%
0$
b100 !
b100 /
b10 (
b10 .
b10 +
#15295
b1100 0
b1100 !
b1100 /
b11 (
b11 .
b11 +
#15300
b1010 0
b1010 !
b1010 /
b100 (
b100 .
b100 +
#15305
b1011 !
b1011 /
b101 (
b101 .
b101 +
#15310
b1111 !
b1111 /
b110 (
b110 .
b110 +
#15315
b100 !
b100 /
b111 (
b111 .
b111 +
#15320
b10100 !
b10100 /
b1000 (
b1000 .
b1000 +
#15325
b111 !
b111 /
b1001 (
b1001 .
b1001 +
#15330
b1101 !
b1101 /
b1010 (
b1010 .
b1010 +
#15335
b10110 !
b10110 /
b1011 (
b1011 .
b1011 +
#15340
b101 !
b101 /
b1100 (
b1100 .
b1100 +
#15345
b0 !
b0 /
b1101 (
b1101 .
b1101 +
#15350
b1110 (
b1110 .
b1110 +
#15355
b1111 (
b1111 .
b1111 +
#15360
b1100 !
b1100 /
b1100 0
b0 (
b0 .
b0 '
b0 -
b1100 &
b1100 ,
b1100 )
b0 *
b0 +
#15365
b1100 !
b1100 /
b1 (
b1 .
b1 +
#15370
1%
1$
b10100 0
b100 !
b100 /
b10 (
b10 .
b10 +
#15375
b1101 0
0%
0$
b1101 !
b1101 /
b11 (
b11 .
b11 +
#15380
b1011 0
b1011 !
b1011 /
b100 (
b100 .
b100 +
#15385
b0 !
b0 /
b101 (
b101 .
b101 +
#15390
b1100 !
b1100 /
b110 (
b110 .
b110 +
#15395
b1100 !
b1100 /
b111 (
b111 .
b111 +
#15400
b10011 !
b10011 /
b1000 (
b1000 .
b1000 +
#15405
b1001 !
b1001 /
b1001 (
b1001 .
b1001 +
#15410
b110 !
b110 /
b1010 (
b1010 .
b1010 +
#15415
b11000 !
b11000 /
b1011 (
b1011 .
b1011 +
#15420
b110 !
b110 /
b1100 (
b1100 .
b1100 +
#15425
b1 !
b1 /
b1101 (
b1101 .
b1101 +
#15430
b0 !
b0 /
b1110 (
b1110 .
b1110 +
#15435
b1111 (
b1111 .
b1111 +
#15440
b1101 !
b1101 /
b1101 0
b0 (
b0 .
b1 '
b1 -
b1 *
b0 +
#15445
b1011 0
b1011 !
b1011 /
b1 (
b1 .
b1 +
#15450
1%
1$
b10101 0
b101 !
b101 /
b10 (
b10 .
b10 +
#15455
b1101 0
0%
0$
b1101 !
b1101 /
b11 (
b11 .
b11 +
#15460
b1011 0
b1011 !
b1011 /
b100 (
b100 .
b100 +
#15465
b0 !
b0 /
b101 (
b101 .
b101 +
#15470
b1101 !
b1101 /
b110 (
b110 .
b110 +
#15475
b1101 !
b1101 /
b111 (
b111 .
b111 +
#15480
b10011 !
b10011 /
b1000 (
b1000 .
b1000 +
#15485
b1001 !
b1001 /
b1001 (
b1001 .
b1001 +
#15490
b110 !
b110 /
b1010 (
b1010 .
b1010 +
#15495
b11000 !
b11000 /
b1011 (
b1011 .
b1011 +
#15500
b110 !
b110 /
b1100 (
b1100 .
b1100 +
#15505
b1 !
b1 /
b1101 (
b1101 .
b1101 +
#15510
b0 !
b0 /
b1110 (
b1110 .
b1110 +
#15515
b1111 (
b1111 .
b1111 +
#15520
b1110 !
b1110 /
b1110 0
b0 (
b0 .
b10 '
b10 -
b10 *
b0 +
#15525
b1010 0
b1010 !
b1010 /
b1 (
b1 .
b1 +
#15530
1%
1$
b10110 0
b110 !
b110 /
b10 (
b10 .
b10 +
#15535
b1101 0
0%
0$
b1101 !
b1101 /
b11 (
b11 .
b11 +
#15540
b1011 0
b1011 !
b1011 /
b100 (
b100 .
b100 +
#15545
b0 !
b0 /
b101 (
b101 .
b101 +
#15550
b1110 !
b1110 /
b110 (
b110 .
b110 +
#15555
b1110 !
b1110 /
b111 (
b111 .
b111 +
#15560
b10011 !
b10011 /
b1000 (
b1000 .
b1000 +
#15565
b1001 !
b1001 /
b1001 (
b1001 .
b1001 +
#15570
b110 !
b110 /
b1010 (
b1010 .
b1010 +
#15575
b11000 !
b11000 /
b1011 (
b1011 .
b1011 +
#15580
b110 !
b110 /
b1100 (
b1100 .
b1100 +
#15585
b1 !
b1 /
b1101 (
b1101 .
b1101 +
#15590
b0 !
b0 /
b1110 (
b1110 .
b1110 +
#15595
b1111 (
b1111 .
b1111 +
#15600
b1111 !
b1111 /
b1111 0
b0 (
b0 .
b11 '
b11 -
b11 *
b0 +
#15605
b1001 0
b1001 !
b1001 /
b1 (
b1 .
b1 +
#15610
1%
1$
b10111 0
b111 !
b111 /
b10 (
b10 .
b10 +
#15615
b1101 0
0%
0$
b1101 !
b1101 /
b11 (
b11 .
b11 +
#15620
b1011 0
b1011 !
b1011 /
b100 (
b100 .
b100 +
#15625
b0 !
b0 /
b101 (
b101 .
b101 +
#15630
b1111 !
b1111 /
b110 (
b110 .
b110 +
#15635
b1111 !
b1111 /
b111 (
b111 .
b111 +
#15640
b10011 !
b10011 /
b1000 (
b1000 .
b1000 +
#15645
b1001 !
b1001 /
b1001 (
b1001 .
b1001 +
#15650
b110 !
b110 /
b1010 (
b1010 .
b1010 +
#15655
b11000 !
b11000 /
b1011 (
b1011 .
b1011 +
#15660
b110 !
b110 /
b1100 (
b1100 .
b1100 +
#15665
b1 !
b1 /
b1101 (
b1101 .
b1101 +
#15670
b0 !
b0 /
b1110 (
b1110 .
b1110 +
#15675
b1111 (
b1111 .
b1111 +
#15680
b10000 !
b10000 /
b10000 0
b0 (
b0 .
b100 '
b100 -
b100 *
b0 +
#15685
b1000 0
b1000 !
b1000 /
b1 (
b1 .
b1 +
#15690
1%
1$
b11000 0
b1000 !
b1000 /
b10 (
b10 .
b10 +
#15695
b1101 0
0%
0$
b1101 !
b1101 /
b11 (
b11 .
b11 +
#15700
b1011 0
b1011 !
b1011 /
b100 (
b100 .
b100 +
#15705
b100 !
b100 /
b101 (
b101 .
b101 +
#15710
b1100 !
b1100 /
b110 (
b110 .
b110 +
#15715
b1000 !
b1000 /
b111 (
b111 .
b111 +
#15720
b10011 !
b10011 /
b1000 (
b1000 .
b1000 +
#15725
b1001 !
b1001 /
b1001 (
b1001 .
b1001 +
#15730
b110 !
b110 /
b1010 (
b1010 .
b1010 +
#15735
b11000 !
b11000 /
b1011 (
b1011 .
b1011 +
#15740
b110 !
b110 /
b1100 (
b1100 .
b1100 +
#15745
b1 !
b1 /
b1101 (
b1101 .
b1101 +
#15750
b0 !
b0 /
b1110 (
b1110 .
b1110 +
#15755
b1111 (
b1111 .
b1111 +
#15760
b10001 !
b10001 /
b10001 0
b0 (
b0 .
b101 '
b101 -
b101 *
b0 +
#15765
b111 0
b111 !
b111 /
b1 (
b1 .
b1 +
#15770
1%
1$
b11001 0
b1001 !
b1001 /
b10 (
b10 .
b10 +
#15775
b1101 0
0%
0$
b1101 !
b1101 /
b11 (
b11 .
b11 +
#15780
b1011 0
b1011 !
b1011 /
b100 (
b100 .
b100 +
#15785
b100 !
b100 /
b101 (
b101 .
b101 +
#15790
b1101 !
b1101 /
b110 (
b110 .
b110 +
#15795
b1001 !
b1001 /
b111 (
b111 .
b111 +
#15800
b10011 !
b10011 /
b1000 (
b1000 .
b1000 +
#15805
b1001 !
b1001 /
b1001 (
b1001 .
b1001 +
#15810
b110 !
b110 /
b1010 (
b1010 .
b1010 +
#15815
b11000 !
b11000 /
b1011 (
b1011 .
b1011 +
#15820
b110 !
b110 /
b1100 (
b1100 .
b1100 +
#15825
b1 !
b1 /
b1101 (
b1101 .
b1101 +
#15830
b0 !
b0 /
b1110 (
b1110 .
b1110 +
#15835
b1111 (
b1111 .
b1111 +
#15840
b10010 !
b10010 /
b10010 0
b0 (
b0 .
b110 '
b110 -
b110 *
b0 +
#15845
b110 0
b110 !
b110 /
b1 (
b1 .
b1 +
#15850
1%
1$
b11010 0
b1010 !
b1010 /
b10 (
b10 .
b10 +
#15855
b1101 0
0%
0$
b1101 !
b1101 /
b11 (
b11 .
b11 +
#15860
b1011 0
b1011 !
b1011 /
b100 (
b100 .
b100 +
#15865
b100 !
b100 /
b101 (
b101 .
b101 +
#15870
b1110 !
b1110 /
b110 (
b110 .
b110 +
#15875
b1010 !
b1010 /
b111 (
b111 .
b111 +
#15880
b10011 !
b10011 /
b1000 (
b1000 .
b1000 +
#15885
b1001 !
b1001 /
b1001 (
b1001 .
b1001 +
#15890
b110 !
b110 /
b1010 (
b1010 .
b1010 +
#15895
b11000 !
b11000 /
b1011 (
b1011 .
b1011 +
#15900
b110 !
b110 /
b1100 (
b1100 .
b1100 +
#15905
b1 !
b1 /
b1101 (
b1101 .
b1101 +
#15910
b0 !
b0 /
b1110 (
b1110 .
b1110 +
#15915
b1111 (
b1111 .
b1111 +
#15920
b10011 !
b10011 /
b10011 0
b0 (
b0 .
b111 '
b111 -
b111 *
b0 +
#15925
b101 0
b101 !
b101 /
b1 (
b1 .
b1 +
#15930
1%
1$
b11011 0
b1011 !
b1011 /
b10 (
b10 .
b10 +
#15935
b1101 0
0%
0$
b1101 !
b1101 /
b11 (
b11 .
b11 +
#15940
b1011 0
b1011 !
b1011 /
b100 (
b100 .
b100 +
#15945
b100 !
b100 /
b101 (
b101 .
b101 +
#15950
b1111 !
b1111 /
b110 (
b110 .
b110 +
#15955
b1011 !
b1011 /
b111 (
b111 .
b111 +
#15960
b10011 !
b10011 /
b1000 (
b1000 .
b1000 +
#15965
b1001 !
b1001 /
b1001 (
b1001 .
b1001 +
#15970
b110 !
b110 /
b1010 (
b1010 .
b1010 +
#15975
b11000 !
b11000 /
b1011 (
b1011 .
b1011 +
#15980
b110 !
b110 /
b1100 (
b1100 .
b1100 +
#15985
b1 !
b1 /
b1101 (
b1101 .
b1101 +
#15990
b0 !
b0 /
b1110 (
b1110 .
b1110 +
#15995
b1111 (
b1111 .
b1111 +
#16000
b10100 !
b10100 /
b10100 0
b0 (
b0 .
b1000 '
b1000 -
b1000 *
b0 +
#16005
b100 0
b100 !
b100 /
b1 (
b1 .
b1 +
#16010
1%
1$
b11100 0
b1100 !
b1100 /
b10 (
b10 .
b10 +
#16015
b1101 0
0%
0$
b1101 !
b1101 /
b11 (
b11 .
b11 +
#16020
b1011 0
b1011 !
b1011 /
b100 (
b100 .
b100 +
#16025
b1000 !
b1000 /
b101 (
b101 .
b101 +
#16030
b1100 !
b1100 /
b110 (
b110 .
b110 +
#16035
b100 !
b100 /
b111 (
b111 .
b111 +
#16040
b10011 !
b10011 /
b1000 (
b1000 .
b1000 +
#16045
b1001 !
b1001 /
b1001 (
b1001 .
b1001 +
#16050
b110 !
b110 /
b1010 (
b1010 .
b1010 +
#16055
b11000 !
b11000 /
b1011 (
b1011 .
b1011 +
#16060
b110 !
b110 /
b1100 (
b1100 .
b1100 +
#16065
b1 !
b1 /
b1101 (
b1101 .
b1101 +
#16070
b0 !
b0 /
b1110 (
b1110 .
b1110 +
#16075
b1111 (
b1111 .
b1111 +
#16080
b10101 !
b10101 /
b10101 0
b0 (
b0 .
b1001 '
b1001 -
b1001 *
b0 +
#16085
b11 0
b11 !
b11 /
b1 (
b1 .
b1 +
#16090
1%
1$
b11101 0
b1101 !
b1101 /
b10 (
b10 .
b10 +
#16095
b1101 0
0%
0$
b1101 !
b1101 /
b11 (
b11 .
b11 +
#16100
b1011 0
b1011 !
b1011 /
b100 (
b100 .
b100 +
#16105
b1000 !
b1000 /
b101 (
b101 .
b101 +
#16110
b1101 !
b1101 /
b110 (
b110 .
b110 +
#16115
b101 !
b101 /
b111 (
b111 .
b111 +
#16120
b10011 !
b10011 /
b1000 (
b1000 .
b1000 +
#16125
b1001 !
b1001 /
b1001 (
b1001 .
b1001 +
#16130
b110 !
b110 /
b1010 (
b1010 .
b1010 +
#16135
b11000 !
b11000 /
b1011 (
b1011 .
b1011 +
#16140
b110 !
b110 /
b1100 (
b1100 .
b1100 +
#16145
b1 !
b1 /
b1101 (
b1101 .
b1101 +
#16150
b0 !
b0 /
b1110 (
b1110 .
b1110 +
#16155
b1111 (
b1111 .
b1111 +
#16160
b10110 !
b10110 /
b10110 0
b0 (
b0 .
b1010 '
b1010 -
b1010 *
b0 +
#16165
b10 0
b10 !
b10 /
b1 (
b1 .
b1 +
#16170
1%
1$
b11110 0
b1110 !
b1110 /
b10 (
b10 .
b10 +
#16175
b1101 0
0%
0$
b1101 !
b1101 /
b11 (
b11 .
b11 +
#16180
b1011 0
b1011 !
b1011 /
b100 (
b100 .
b100 +
#16185
b1000 !
b1000 /
b101 (
b101 .
b101 +
#16190
b1110 !
b1110 /
b110 (
b110 .
b110 +
#16195
b110 !
b110 /
b111 (
b111 .
b111 +
#16200
b10011 !
b10011 /
b1000 (
b1000 .
b1000 +
#16205
b1001 !
b1001 /
b1001 (
b1001 .
b1001 +
#16210
b110 !
b110 /
b1010 (
b1010 .
b1010 +
#16215
b11000 !
b11000 /
b1011 (
b1011 .
b1011 +
#16220
b110 !
b110 /
b1100 (
b1100 .
b1100 +
#16225
b1 !
b1 /
b1101 (
b1101 .
b1101 +
#16230
b0 !
b0 /
b1110 (
b1110 .
b1110 +
#16235
b1111 (
b1111 .
b1111 +
#16240
b10111 !
b10111 /
b10111 0
b0 (
b0 .
b1011 '
b1011 -
b1011 *
b0 +
#16245
b1 0
b1 !
b1 /
b1 (
b1 .
b1 +
#16250
1%
1$
b11111 0
b1111 !
b1111 /
b10 (
b10 .
b10 +
#16255
b1101 0
0%
0$
b1101 !
b1101 /
b11 (
b11 .
b11 +
#16260
b1011 0
b1011 !
b1011 /
b100 (
b100 .
b100 +
#16265
b1000 !
b1000 /
b101 (
b101 .
b101 +
#16270
b1111 !
b1111 /
b110 (
b110 .
b110 +
#16275
b111 !
b111 /
b111 (
b111 .
b111 +
#16280
b10011 !
b10011 /
b1000 (
b1000 .
b1000 +
#16285
b1001 !
b1001 /
b1001 (
b1001 .
b1001 +
#16290
b110 !
b110 /
b1010 (
b1010 .
b1010 +
#16295
b11000 !
b11000 /
b1011 (
b1011 .
b1011 +
#16300
b110 !
b110 /
b1100 (
b1100 .
b1100 +
#16305
b1 !
b1 /
b1101 (
b1101 .
b1101 +
#16310
b0 !
b0 /
b1110 (
b1110 .
b1110 +
#16315
b1111 (
b1111 .
b1111 +
#16320
b11000 !
b11000 /
b11000 0
b0 (
b0 .
b1100 '
b1100 -
b1100 *
b0 +
#16325
b0 0
b0 !
b0 /
b1 (
b1 .
b1 +
#16330
b10 (
b10 .
b10 +
#16335
b1101 !
b1101 /
b1101 0
b11 (
b11 .
b11 +
#16340
b1011 0
b1011 !
b1011 /
b100 (
b100 .
b100 +
#16345
b1100 !
b1100 /
b101 (
b101 .
b101 +
#16350
b1100 !
b1100 /
b110 (
b110 .
b110 +
#16355
b0 !
b0 /
b111 (
b111 .
b111 +
#16360
b10011 !
b10011 /
b1000 (
b1000 .
b1000 +
#16365
b1001 !
b1001 /
b1001 (
b1001 .
b1001 +
#16370
b110 !
b110 /
b1010 (
b1010 .
b1010 +
#16375
b11000 !
b11000 /
b1011 (
b1011 .
b1011 +
#16380
b110 !
b110 /
b1100 (
b1100 .
b1100 +
#16385
b0 !
b0 /
b1101 (
b1101 .
b1101 +
#16390
b1 !
b1 /
b1110 (
b1110 .
b1110 +
#16395
b0 !
b0 /
b1111 (
b1111 .
b1111 +
#16400
b11001 !
b11001 /
b11001 0
b0 (
b0 .
b1101 '
b1101 -
b1101 *
b0 +
#16405
1%
1$
b11111 0
b1111 !
b1111 /
b1 (
b1 .
b1 +
#16410
b1 0
0%
0$
b1 !
b1 /
b10 (
b10 .
b10 +
#16415
b1101 0
b1101 !
b1101 /
b11 (
b11 .
b11 +
#16420
b1011 0
b1011 !
b1011 /
b100 (
b100 .
b100 +
#16425
b1100 !
b1100 /
b101 (
b101 .
b101 +
#16430
b1101 !
b1101 /
b110 (
b110 .
b110 +
#16435
b1 !
b1 /
b111 (
b111 .
b111 +
#16440
b10011 !
b10011 /
b1000 (
b1000 .
b1000 +
#16445
b1001 !
b1001 /
b1001 (
b1001 .
b1001 +
#16450
b110 !
b110 /
b1010 (
b1010 .
b1010 +
#16455
b11000 !
b11000 /
b1011 (
b1011 .
b1011 +
#16460
b110 !
b110 /
b1100 (
b1100 .
b1100 +
#16465
b0 !
b0 /
b1101 (
b1101 .
b1101 +
#16470
b1110 (
b1110 .
b1110 +
#16475
b1111 (
b1111 .
b1111 +
#16480
b11010 !
b11010 /
b11010 0
b0 (
b0 .
b1110 '
b1110 -
b1110 *
b0 +
#16485
1%
1$
b11110 0
b1110 !
b1110 /
b1 (
b1 .
b1 +
#16490
b10 0
0%
0$
b10 !
b10 /
b10 (
b10 .
b10 +
#16495
b1101 0
b1101 !
b1101 /
b11 (
b11 .
b11 +
#16500
b1011 0
b1011 !
b1011 /
b100 (
b100 .
b100 +
#16505
b1100 !
b1100 /
b101 (
b101 .
b101 +
#16510
b1110 !
b1110 /
b110 (
b110 .
b110 +
#16515
b10 !
b10 /
b111 (
b111 .
b111 +
#16520
b10011 !
b10011 /
b1000 (
b1000 .
b1000 +
#16525
b1001 !
b1001 /
b1001 (
b1001 .
b1001 +
#16530
b110 !
b110 /
b1010 (
b1010 .
b1010 +
#16535
b11000 !
b11000 /
b1011 (
b1011 .
b1011 +
#16540
b110 !
b110 /
b1100 (
b1100 .
b1100 +
#16545
b0 !
b0 /
b1101 (
b1101 .
b1101 +
#16550
b1110 (
b1110 .
b1110 +
#16555
b1111 (
b1111 .
b1111 +
#16560
b11011 !
b11011 /
b11011 0
b0 (
b0 .
b1111 '
b1111 -
b1111 *
b0 +
#16565
1%
1$
b11101 0
b1101 !
b1101 /
b1 (
b1 .
b1 +
#16570
b11 0
0%
0$
b11 !
b11 /
b10 (
b10 .
b10 +
#16575
b1101 0
b1101 !
b1101 /
b11 (
b11 .
b11 +
#16580
b1011 0
b1011 !
b1011 /
b100 (
b100 .
b100 +
#16585
b1100 !
b1100 /
b101 (
b101 .
b101 +
#16590
b1111 !
b1111 /
b110 (
b110 .
b110 +
#16595
b11 !
b11 /
b111 (
b111 .
b111 +
#16600
b10011 !
b10011 /
b1000 (
b1000 .
b1000 +
#16605
b1001 !
b1001 /
b1001 (
b1001 .
b1001 +
#16610
b110 !
b110 /
b1010 (
b1010 .
b1010 +
#16615
b11000 !
b11000 /
b1011 (
b1011 .
b1011 +
#16620
b110 !
b110 /
b1100 (
b1100 .
b1100 +
#16625
b0 !
b0 /
b1101 (
b1101 .
b1101 +
#16630
b1110 (
b1110 .
b1110 +
#16635
b1111 (
b1111 .
b1111 +
#16640
b1101 !
b1101 /
b1101 0
b0 (
b0 .
b0 '
b0 -
b1101 &
b1101 ,
b1101 )
b0 *
b0 +
#16645
b1101 !
b1101 /
b1 (
b1 .
b1 +
#16650
1%
1$
b10011 0
b11 !
b11 /
b10 (
b10 .
b10 +
#16655
b1110 0
0%
0$
b1110 !
b1110 /
b11 (
b11 .
b11 +
#16660
b1100 0
b1100 !
b1100 /
b100 (
b100 .
b100 +
#16665
b0 !
b0 /
b101 (
b101 .
b101 +
#16670
b1101 !
b1101 /
b110 (
b110 .
b110 +
#16675
b1101 !
b1101 /
b111 (
b111 .
b111 +
#16680
b10010 !
b10010 /
b1000 (
b1000 .
b1000 +
#16685
b1011 !
b1011 /
b1001 (
b1001 .
b1001 +
#16690
b1110 !
b1110 /
b1010 (
b1010 .
b1010 +
#16695
b11010 !
b11010 /
b1011 (
b1011 .
b1011 +
#16700
b110 !
b110 /
b1100 (
b1100 .
b1100 +
#16705
b1 !
b1 /
b1101 (
b1101 .
b1101 +
#16710
b0 !
b0 /
b1110 (
b1110 .
b1110 +
#16715
b1111 (
b1111 .
b1111 +
#16720
b1110 !
b1110 /
b1110 0
b0 (
b0 .
b1 '
b1 -
b1 *
b0 +
#16725
b1100 0
b1100 !
b1100 /
b1 (
b1 .
b1 +
#16730
1%
1$
b10100 0
b100 !
b100 /
b10 (
b10 .
b10 +
#16735
b1110 0
0%
0$
b1110 !
b1110 /
b11 (
b11 .
b11 +
#16740
b1100 0
b1100 !
b1100 /
b100 (
b100 .
b100 +
#16745
b1 !
b1 /
b101 (
b101 .
b101 +
#16750
b1101 !
b1101 /
b110 (
b110 .
b110 +
#16755
b1100 !
b1100 /
b111 (
b111 .
b111 +
#16760
b10010 !
b10010 /
b1000 (
b1000 .
b1000 +
#16765
b1011 !
b1011 /
b1001 (
b1001 .
b1001 +
#16770
b1110 !
b1110 /
b1010 (
b1010 .
b1010 +
#16775
b11010 !
b11010 /
b1011 (
b1011 .
b1011 +
#16780
b110 !
b110 /
b1100 (
b1100 .
b1100 +
#16785
b1 !
b1 /
b1101 (
b1101 .
b1101 +
#16790
b0 !
b0 /
b1110 (
b1110 .
b1110 +
#16795
b1111 (
b1111 .
b1111 +
#16800
b1111 !
b1111 /
b1111 0
b0 (
b0 .
b10 '
b10 -
b10 *
b0 +
#16805
b1011 0
b1011 !
b1011 /
b1 (
b1 .
b1 +
#16810
1%
1$
b10101 0
b101 !
b101 /
b10 (
b10 .
b10 +
#16815
b1110 0
0%
0$
b1110 !
b1110 /
b11 (
b11 .
b11 +
#16820
b1100 0
b1100 !
b1100 /
b100 (
b100 .
b100 +
#16825
b0 !
b0 /
b101 (
b101 .
b101 +
#16830
b1111 !
b1111 /
b110 (
b110 .
b110 +
#16835
b1111 !
b1111 /
b111 (
b111 .
b111 +
#16840
b10010 !
b10010 /
b1000 (
b1000 .
b1000 +
#16845
b1011 !
b1011 /
b1001 (
b1001 .
b1001 +
#16850
b1110 !
b1110 /
b1010 (
b1010 .
b1010 +
#16855
b11010 !
b11010 /
b1011 (
b1011 .
b1011 +
#16860
b110 !
b110 /
b1100 (
b1100 .
b1100 +
#16865
b1 !
b1 /
b1101 (
b1101 .
b1101 +
#16870
b0 !
b0 /
b1110 (
b1110 .
b1110 +
#16875
b1111 (
b1111 .
b1111 +
#16880
b10000 !
b10000 /
b10000 0
b0 (
b0 .
b11 '
b11 -
b11 *
b0 +
#16885
b1010 0
b1010 !
b1010 /
b1 (
b1 .
b1 +
#16890
1%
1$
b10110 0
b110 !
b110 /
b10 (
b10 .
b10 +
#16895
b1110 0
0%
0$
b1110 !
b1110 /
b11 (
b11 .
b11 +
#16900
b1100 0
b1100 !
b1100 /
b100 (
b100 .
b100 +
#16905
b1 !
b1 /
b101 (
b101 .
b101 +
#16910
b1111 !
b1111 /
b110 (
b110 .
b110 +
#16915
b1110 !
b1110 /
b111 (
b111 .
b111 +
#16920
b10010 !
b10010 /
b1000 (
b1000 .
b1000 +
#16925
b1011 !
b1011 /
b1001 (
b1001 .
b1001 +
#16930
b1110 !
b1110 /
b1010 (
b1010 .
b1010 +
#16935
b11010 !
b11010 /
b1011 (
b1011 .
b1011 +
#16940
b110 !
b110 /
b1100 (
b1100 .
b1100 +
#16945
b1 !
b1 /
b1101 (
b1101 .
b1101 +
#16950
b0 !
b0 /
b1110 (
b1110 .
b1110 +
#16955
b1111 (
b1111 .
b1111 +
#16960
b10001 !
b10001 /
b10001 0
b0 (
b0 .
b100 '
b100 -
b100 *
b0 +
#16965
b1001 0
b1001 !
b1001 /
b1 (
b1 .
b1 +
#16970
1%
1$
b10111 0
b111 !
b111 /
b10 (
b10 .
b10 +
#16975
b1110 0
0%
0$
b1110 !
b1110 /
b11 (
b11 .
b11 +
#16980
b1100 0
b1100 !
b1100 /
b100 (
b100 .
b100 +
#16985
b100 !
b100 /
b101 (
b101 .
b101 +
#16990
b1101 !
b1101 /
b110 (
b110 .
b110 +
#16995
b1001 !
b1001 /
b111 (
b111 .
b111 +
#17000
b10010 !
b10010 /
b1000 (
b1000 .
b1000 +
#17005
b1011 !
b1011 /
b1001 (
b1001 .
b1001 +
#17010
b1110 !
b1110 /
b1010 (
b1010 .
b1010 +
#17015
b11010 !
b11010 /
b1011 (
b1011 .
b1011 +
#17020
b110 !
b110 /
b1100 (
b1100 .
b1100 +
#17025
b1 !
b1 /
b1101 (
b1101 .
b1101 +
#17030
b0 !
b0 /
b1110 (
b1110 .
b1110 +
#17035
b1111 (
b1111 .
b1111 +
#17040
b10010 !
b10010 /
b10010 0
b0 (
b0 .
b101 '
b101 -
b101 *
b0 +
#17045
b1000 0
b1000 !
b1000 /
b1 (
b1 .
b1 +
#17050
1%
1$
b11000 0
b1000 !
b1000 /
b10 (
b10 .
b10 +
#17055
b1110 0
0%
0$
b1110 !
b1110 /
b11 (
b11 .
b11 +
#17060
b1100 0
b1100 !
b1100 /
b100 (
b100 .
b100 +
#17065
b101 !
b101 /
b101 (
b101 .
b101 +
#17070
b1101 !
b1101 /
b110 (
b110 .
b110 +
#17075
b1000 !
b1000 /
b111 (
b111 .
b111 +
#17080
b10010 !
b10010 /
b1000 (
b1000 .
b1000 +
#17085
b1011 !
b1011 /
b1001 (
b1001 .
b1001 +
#17090
b1110 !
b1110 /
b1010 (
b1010 .
b1010 +
#17095
b11010 !
b11010 /
b1011 (
b1011 .
b1011 +
#17100
b110 !
b110 /
b1100 (
b1100 .
b1100 +
#17105
b1 !
b1 /
b1101 (
b1101 .
b1101 +
#17110
b0 !
b0 /
b1110 (
b1110 .
b1110 +
#17115
b1111 (
b1111 .
b1111 +
#17120
b10011 !
b10011 /
b10011 0
b0 (
b0 .
b110 '
b110 -
b110 *
b0 +
#17125
b111 0
b111 !
b111 /
b1 (
b1 .
b1 +
#17130
1%
1$
b11001 0
b1001 !
b1001 /
b10 (
b10 .
b10 +
#17135
b1110 0
0%
0$
b1110 !
b1110 /
b11 (
b11 .
b11 +
#17140
b1100 0
b1100 !
b1100 /
b100 (
b100 .
b100 +
#17145
b100 !
b100 /
b101 (
b101 .
b101 +
#17150
b1111 !
b1111 /
b110 (
b110 .
b110 +
#17155
b1011 !
b1011 /
b111 (
b111 .
b111 +
#17160
b10010 !
b10010 /
b1000 (
b1000 .
b1000 +
#17165
b1011 !
b1011 /
b1001 (
b1001 .
b1001 +
#17170
b1110 !
b1110 /
b1010 (
b1010 .
b1010 +
#17175
b11010 !
b11010 /
b1011 (
b1011 .
b1011 +
#17180
b110 !
b110 /
b1100 (
b1100 .
b1100 +
#17185
b1 !
b1 /
b1101 (
b1101 .
b1101 +
#17190
b0 !
b0 /
b1110 (
b1110 .
b1110 +
#17195
b1111 (
b1111 .
b1111 +
#17200
b10100 !
b10100 /
b10100 0
b0 (
b0 .
b111 '
b111 -
b111 *
b0 +
#17205
b110 0
b110 !
b110 /
b1 (
b1 .
b1 +
#17210
1%
1$
b11010 0
b1010 !
b1010 /
b10 (
b10 .
b10 +
#17215
b1110 0
0%
0$
b1110 !
b1110 /
b11 (
b11 .
b11 +
#17220
b1100 0
b1100 !
b1100 /
b100 (
b100 .
b100 +
#17225
b101 !
b101 /
b101 (
b101 .
b101 +
#17230
b1111 !
b1111 /
b110 (
b110 .
b110 +
#17235
b1010 !
b1010 /
b111 (
b111 .
b111 +
#17240
b10010 !
b10010 /
b1000 (
b1000 .
b1000 +
#17245
b1011 !
b1011 /
b1001 (
b1001 .
b1001 +
#17250
b1110 !
b1110 /
b1010 (
b1010 .
b1010 +
#17255
b11010 !
b11010 /
b1011 (
b1011 .
b1011 +
#17260
b110 !
b110 /
b1100 (
b1100 .
b1100 +
#17265
b1 !
b1 /
b1101 (
b1101 .
b1101 +
#17270
b0 !
b0 /
b1110 (
b1110 .
b1110 +
#17275
b1111 (
b1111 .
b1111 +
#17280
b10101 !
b10101 /
b10101 0
b0 (
b0 .
b1000 '
b1000 -
b1000 *
b0 +
#17285
b101 0
b101 !
b101 /
b1 (
b1 .
b1 +
#17290
1%
1$
b11011 0
b1011 !
b1011 /
b10 (
b10 .
b10 +
#17295
b1110 0
0%
0$
b1110 !
b1110 /
b11 (
b11 .
b11 +
#17300
b1100 0
b1100 !
b1100 /
b100 (
b100 .
b100 +
#17305
b1000 !
b1000 /
b101 (
b101 .
b101 +
#17310
b1101 !
b1101 /
b110 (
b110 .
b110 +
#17315
b101 !
b101 /
b111 (
b111 .
b111 +
#17320
b10010 !
b10010 /
b1000 (
b1000 .
b1000 +
#17325
b1011 !
b1011 /
b1001 (
b1001 .
b1001 +
#17330
b1110 !
b1110 /
b1010 (
b1010 .
b1010 +
#17335
b11010 !
b11010 /
b1011 (
b1011 .
b1011 +
#17340
b110 !
b110 /
b1100 (
b1100 .
b1100 +
#17345
b1 !
b1 /
b1101 (
b1101 .
b1101 +
#17350
b0 !
b0 /
b1110 (
b1110 .
b1110 +
#17355
b1111 (
b1111 .
b1111 +
#17360
b10110 !
b10110 /
b10110 0
b0 (
b0 .
b1001 '
b1001 -
b1001 *
b0 +
#17365
b100 0
b100 !
b100 /
b1 (
b1 .
b1 +
#17370
1%
1$
b11100 0
b1100 !
b1100 /
b10 (
b10 .
b10 +
#17375
b1110 0
0%
0$
b1110 !
b1110 /
b11 (
b11 .
b11 +
#17380
b1100 0
b1100 !
b1100 /
b100 (
b100 .
b100 +
#17385
b1001 !
b1001 /
b101 (
b101 .
b101 +
#17390
b1101 !
b1101 /
b110 (
b110 .
b110 +
#17395
b100 !
b100 /
b111 (
b111 .
b111 +
#17400
b10010 !
b10010 /
b1000 (
b1000 .
b1000 +
#17405
b1011 !
b1011 /
b1001 (
b1001 .
b1001 +
#17410
b1110 !
b1110 /
b1010 (
b1010 .
b1010 +
#17415
b11010 !
b11010 /
b1011 (
b1011 .
b1011 +
#17420
b110 !
b110 /
b1100 (
b1100 .
b1100 +
#17425
b1 !
b1 /
b1101 (
b1101 .
b1101 +
#17430
b0 !
b0 /
b1110 (
b1110 .
b1110 +
#17435
b1111 (
b1111 .
b1111 +
#17440
b10111 !
b10111 /
b10111 0
b0 (
b0 .
b1010 '
b1010 -
b1010 *
b0 +
#17445
b11 0
b11 !
b11 /
b1 (
b1 .
b1 +
#17450
1%
1$
b11101 0
b1101 !
b1101 /
b10 (
b10 .
b10 +
#17455
b1110 0
0%
0$
b1110 !
b1110 /
b11 (
b11 .
b11 +
#17460
b1100 0
b1100 !
b1100 /
b100 (
b100 .
b100 +
#17465
b1000 !
b1000 /
b101 (
b101 .
b101 +
#17470
b1111 !
b1111 /
b110 (
b110 .
b110 +
#17475
b111 !
b111 /
b111 (
b111 .
b111 +
#17480
b10010 !
b10010 /
b1000 (
b1000 .
b1000 +
#17485
b1011 !
b1011 /
b1001 (
b1001 .
b1001 +
#17490
b1110 !
b1110 /
b1010 (
b1010 .
b1010 +
#17495
b11010 !
b11010 /
b1011 (
b1011 .
b1011 +
#17500
b110 !
b110 /
b1100 (
b1100 .
b1100 +
#17505
b1 !
b1 /
b1101 (
b1101 .
b1101 +
#17510
b0 !
b0 /
b1110 (
b1110 .
b1110 +
#17515
b1111 (
b1111 .
b1111 +
#17520
b11000 !
b11000 /
b11000 0
b0 (
b0 .
b1011 '
b1011 -
b1011 *
b0 +
#17525
b10 0
b10 !
b10 /
b1 (
b1 .
b1 +
#17530
1%
1$
b11110 0
b1110 !
b1110 /
b10 (
b10 .
b10 +
#17535
b1110 0
0%
0$
b1110 !
b1110 /
b11 (
b11 .
b11 +
#17540
b1100 0
b1100 !
b1100 /
b100 (
b100 .
b100 +
#17545
b1001 !
b1001 /
b101 (
b101 .
b101 +
#17550
b1111 !
b1111 /
b110 (
b110 .
b110 +
#17555
b110 !
b110 /
b111 (
b111 .
b111 +
#17560
b10010 !
b10010 /
b1000 (
b1000 .
b1000 +
#17565
b1011 !
b1011 /
b1001 (
b1001 .
b1001 +
#17570
b1110 !
b1110 /
b1010 (
b1010 .
b1010 +
#17575
b11010 !
b11010 /
b1011 (
b1011 .
b1011 +
#17580
b110 !
b110 /
b1100 (
b1100 .
b1100 +
#17585
b1 !
b1 /
b1101 (
b1101 .
b1101 +
#17590
b0 !
b0 /
b1110 (
b1110 .
b1110 +
#17595
b1111 (
b1111 .
b1111 +
#17600
b11001 !
b11001 /
b11001 0
b0 (
b0 .
b1100 '
b1100 -
b1100 *
b0 +
#17605
b1 0
b1 !
b1 /
b1 (
b1 .
b1 +
#17610
1%
1$
b11111 0
b1111 !
b1111 /
b10 (
b10 .
b10 +
#17615
b1110 0
0%
0$
b1110 !
b1110 /
b11 (
b11 .
b11 +
#17620
b1100 0
b1100 !
b1100 /
b100 (
b100 .
b100 +
#17625
b1100 !
b1100 /
b101 (
b101 .
b101 +
#17630
b1101 !
b1101 /
b110 (
b110 .
b110 +
#17635
b1 !
b1 /
b111 (
b111 .
b111 +
#17640
b10010 !
b10010 /
b1000 (
b1000 .
b1000 +
#17645
b1011 !
b1011 /
b1001 (
b1001 .
b1001 +
#17650
b1110 !
b1110 /
b1010 (
b1010 .
b1010 +
#17655
b11010 !
b11010 /
b1011 (
b1011 .
b1011 +
#17660
b110 !
b110 /
b1100 (
b1100 .
b1100 +
#17665
b1 !
b1 /
b1101 (
b1101 .
b1101 +
#17670
b0 !
b0 /
b1110 (
b1110 .
b1110 +
#17675
b1111 (
b1111 .
b1111 +
#17680
b11010 !
b11010 /
b11010 0
b0 (
b0 .
b1101 '
b1101 -
b1101 *
b0 +
#17685
b0 0
b0 !
b0 /
b1 (
b1 .
b1 +
#17690
b10 (
b10 .
b10 +
#17695
b1110 !
b1110 /
b1110 0
b11 (
b11 .
b11 +
#17700
b1100 0
b1100 !
b1100 /
b100 (
b100 .
b100 +
#17705
b1101 !
b1101 /
b101 (
b101 .
b101 +
#17710
b1101 !
b1101 /
b110 (
b110 .
b110 +
#17715
b0 !
b0 /
b111 (
b111 .
b111 +
#17720
b10010 !
b10010 /
b1000 (
b1000 .
b1000 +
#17725
b1011 !
b1011 /
b1001 (
b1001 .
b1001 +
#17730
b1110 !
b1110 /
b1010 (
b1010 .
b1010 +
#17735
b11010 !
b11010 /
b1011 (
b1011 .
b1011 +
#17740
b110 !
b110 /
b1100 (
b1100 .
b1100 +
#17745
b0 !
b0 /
b1101 (
b1101 .
b1101 +
#17750
b1 !
b1 /
b1110 (
b1110 .
b1110 +
#17755
b0 !
b0 /
b1111 (
b1111 .
b1111 +
#17760
b11011 !
b11011 /
b11011 0
b0 (
b0 .
b1110 '
b1110 -
b1110 *
b0 +
#17765
1%
1$
b11111 0
b1111 !
b1111 /
b1 (
b1 .
b1 +
#17770
b1 0
0%
0$
b1 !
b1 /
b10 (
b10 .
b10 +
#17775
b1110 0
b1110 !
b1110 /
b11 (
b11 .
b11 +
#17780
b1100 0
b1100 !
b1100 /
b100 (
b100 .
b100 +
#17785
b1100 !
b1100 /
b101 (
b101 .
b101 +
#17790
b1111 !
b1111 /
b110 (
b110 .
b110 +
#17795
b11 !
b11 /
b111 (
b111 .
b111 +
#17800
b10010 !
b10010 /
b1000 (
b1000 .
b1000 +
#17805
b1011 !
b1011 /
b1001 (
b1001 .
b1001 +
#17810
b1110 !
b1110 /
b1010 (
b1010 .
b1010 +
#17815
b11010 !
b11010 /
b1011 (
b1011 .
b1011 +
#17820
b110 !
b110 /
b1100 (
b1100 .
b1100 +
#17825
b0 !
b0 /
b1101 (
b1101 .
b1101 +
#17830
b1110 (
b1110 .
b1110 +
#17835
b1111 (
b1111 .
b1111 +
#17840
b11100 !
b11100 /
b11100 0
b0 (
b0 .
b1111 '
b1111 -
b1111 *
b0 +
#17845
1%
1$
b11110 0
b1110 !
b1110 /
b1 (
b1 .
b1 +
#17850
b10 0
0%
0$
b10 !
b10 /
b10 (
b10 .
b10 +
#17855
b1110 0
b1110 !
b1110 /
b11 (
b11 .
b11 +
#17860
b1100 0
b1100 !
b1100 /
b100 (
b100 .
b100 +
#17865
b1101 !
b1101 /
b101 (
b101 .
b101 +
#17870
b1111 !
b1111 /
b110 (
b110 .
b110 +
#17875
b10 !
b10 /
b111 (
b111 .
b111 +
#17880
b10010 !
b10010 /
b1000 (
b1000 .
b1000 +
#17885
b1011 !
b1011 /
b1001 (
b1001 .
b1001 +
#17890
b1110 !
b1110 /
b1010 (
b1010 .
b1010 +
#17895
b11010 !
b11010 /
b1011 (
b1011 .
b1011 +
#17900
b110 !
b110 /
b1100 (
b1100 .
b1100 +
#17905
b0 !
b0 /
b1101 (
b1101 .
b1101 +
#17910
b1110 (
b1110 .
b1110 +
#17915
b1111 (
b1111 .
b1111 +
#17920
b1110 !
b1110 /
b1110 0
b0 (
b0 .
b0 '
b0 -
b1110 &
b1110 ,
b1110 )
b0 *
b0 +
#17925
b1110 !
b1110 /
b1 (
b1 .
b1 +
#17930
1%
1$
b10010 0
b10 !
b10 /
b10 (
b10 .
b10 +
#17935
b1111 0
0%
0$
b1111 !
b1111 /
b11 (
b11 .
b11 +
#17940
b1101 0
b1101 !
b1101 /
b100 (
b100 .
b100 +
#17945
b0 !
b0 /
b101 (
b101 .
b101 +
#17950
b1110 !
b1110 /
b110 (
b110 .
b110 +
#17955
b1110 !
b1110 /
b111 (
b111 .
b111 +
#17960
b10001 !
b10001 /
b1000 (
b1000 .
b1000 +
#17965
b1101 !
b1101 /
b1001 (
b1001 .
b1001 +
#17970
b111 !
b111 /
b1010 (
b1010 .
b1010 +
#17975
b11100 !
b11100 /
b1011 (
b1011 .
b1011 +
#17980
b111 !
b111 /
b1100 (
b1100 .
b1100 +
#17985
b1 !
b1 /
b1101 (
b1101 .
b1101 +
#17990
b0 !
b0 /
b1110 (
b1110 .
b1110 +
#17995
b1111 (
b1111 .
b1111 +
#18000
b1111 !
b1111 /
b1111 0
b0 (
b0 .
b1 '
b1 -
b1 *
b0 +
#18005
b1101 0
b1101 !
b1101 /
b1 (
b1 .
b1 +
#18010
1%
1$
b10011 0
b11 !
b11 /
b10 (
b10 .
b10 +
#18015
b1111 0
0%
0$
b1111 !
b1111 /
b11 (
b11 .
b11 +
#18020
b1101 0
b1101 !
b1101 /
b100 (
b100 .
b100 +
#18025
b0 !
b0 /
b101 (
b101 .
b101 +
#18030
b1111 !
b1111 /
b110 (
b110 .
b110 +
#18035
b1111 !
b1111 /
b111 (
b111 .
b111 +
#18040
b10001 !
b10001 /
b1000 (
b1000 .
b1000 +
#18045
b1101 !
b1101 /
b1001 (
b1001 .
b1001 +
#18050
b111 !
b111 /
b1010 (
b1010 .
b1010 +
#18055
b11100 !
b11100 /
b1011 (
b1011 .
b1011 +
#18060
b111 !
b111 /
b1100 (
b1100 .
b1100 +
#18065
b1 !
b1 /
b1101 (
b1101 .
b1101 +
#18070
b0 !
b0 /
b1110 (
b1110 .
b1110 +
#18075
b1111 (
b1111 .
b1111 +
#18080
b10000 !
b10000 /
b10000 0
b0 (
b0 .
b10 '
b10 -
b10 *
b0 +
#18085
b1100 0
b1100 !
b1100 /
b1 (
b1 .
b1 +
#18090
1%
1$
b10100 0
b100 !
b100 /
b10 (
b10 .
b10 +
#18095
b1111 0
0%
0$
b1111 !
b1111 /
b11 (
b11 .
b11 +
#18100
b1101 0
b1101 !
b1101 /
b100 (
b100 .
b100 +
#18105
b10 !
b10 /
b101 (
b101 .
b101 +
#18110
b1110 !
b1110 /
b110 (
b110 .
b110 +
#18115
b1100 !
b1100 /
b111 (
b111 .
b111 +
#18120
b10001 !
b10001 /
b1000 (
b1000 .
b1000 +
#18125
b1101 !
b1101 /
b1001 (
b1001 .
b1001 +
#18130
b111 !
b111 /
b1010 (
b1010 .
b1010 +
#18135
b11100 !
b11100 /
b1011 (
b1011 .
b1011 +
#18140
b111 !
b111 /
b1100 (
b1100 .
b1100 +
#18145
b1 !
b1 /
b1101 (
b1101 .
b1101 +
#18150
b0 !
b0 /
b1110 (
b1110 .
b1110 +
#18155
b1111 (
b1111 .
b1111 +
#18160
b10001 !
b10001 /
b10001 0
b0 (
b0 .
b11 '
b11 -
b11 *
b0 +
#18165
b1011 0
b1011 !
b1011 /
b1 (
b1 .
b1 +
#18170
1%
1$
b10101 0
b101 !
b101 /
b10 (
b10 .
b10 +
#18175
b1111 0
0%
0$
b1111 !
b1111 /
b11 (
b11 .
b11 +
#18180
b1101 0
b1101 !
b1101 /
b100 (
b100 .
b100 +
#18185
b10 !
b10 /
b101 (
b101 .
b101 +
#18190
b1111 !
b1111 /
b110 (
b110 .
b110 +
#18195
b1101 !
b1101 /
b111 (
b111 .
b111 +
#18200
b10001 !
b10001 /
b1000 (
b1000 .
b1000 +
#18205
b1101 !
b1101 /
b1001 (
b1001 .
b1001 +
#18210
b111 !
b111 /
b1010 (
b1010 .
b1010 +
#18215
b11100 !
b11100 /
b1011 (
b1011 .
b1011 +
#18220
b111 !
b111 /
b1100 (
b1100 .
b1100 +
#18225
b1 !
b1 /
b1101 (
b1101 .
b1101 +
#18230
b0 !
b0 /
b1110 (
b1110 .
b1110 +
#18235
b1111 (
b1111 .
b1111 +
#18240
b10010 !
b10010 /
b10010 0
b0 (
b0 .
b100 '
b100 -
b100 *
b0 +
#18245
b1010 0
b1010 !
b1010 /
b1 (
b1 .
b1 +
#18250
1%
1$
b10110 0
b110 !
b110 /
b10 (
b10 .
b10 +
#18255
b1111 0
0%
0$
b1111 !
b1111 /
b11 (
b11 .
b11 +
#18260
b1101 0
b1101 !
b1101 /
b100 (
b100 .
b100 +
#18265
b100 !
b100 /
b101 (
b101 .
b101 +
#18270
b1110 !
b1110 /
b110 (
b110 .
b110 +
#18275
b1010 !
b1010 /
b111 (
b111 .
b111 +
#18280
b10001 !
b10001 /
b1000 (
b1000 .
b1000 +
#18285
b1101 !
b1101 /
b1001 (
b1001 .
b1001 +
#18290
b111 !
b111 /
b1010 (
b1010 .
b1010 +
#18295
b11100 !
b11100 /
b1011 (
b1011 .
b1011 +
#18300
b111 !
b111 /
b1100 (
b1100 .
b1100 +
#18305
b1 !
b1 /
b1101 (
b1101 .
b1101 +
#18310
b0 !
b0 /
b1110 (
b1110 .
b1110 +
#18315
b1111 (
b1111 .
b1111 +
#18320
b10011 !
b10011 /
b10011 0
b0 (
b0 .
b101 '
b101 -
b101 *
b0 +
#18325
b1001 0
b1001 !
b1001 /
b1 (
b1 .
b1 +
#18330
1%
1$
b10111 0
b111 !
b111 /
b10 (
b10 .
b10 +
#18335
b1111 0
0%
0$
b1111 !
b1111 /
b11 (
b11 .
b11 +
#18340
b1101 0
b1101 !
b1101 /
b100 (
b100 .
b100 +
#18345
b100 !
b100 /
b101 (
b101 .
b101 +
#18350
b1111 !
b1111 /
b110 (
b110 .
b110 +
#18355
b1011 !
b1011 /
b111 (
b111 .
b111 +
#18360
b10001 !
b10001 /
b1000 (
b1000 .
b1000 +
#18365
b1101 !
b1101 /
b1001 (
b1001 .
b1001 +
#18370
b111 !
b111 /
b1010 (
b1010 .
b1010 +
#18375
b11100 !
b11100 /
b1011 (
b1011 .
b1011 +
#18380
b111 !
b111 /
b1100 (
b1100 .
b1100 +
#18385
b1 !
b1 /
b1101 (
b1101 .
b1101 +
#18390
b0 !
b0 /
b1110 (
b1110 .
b1110 +
#18395
b1111 (
b1111 .
b1111 +
#18400
b10100 !
b10100 /
b10100 0
b0 (
b0 .
b110 '
b110 -
b110 *
b0 +
#18405
b1000 0
b1000 !
b1000 /
b1 (
b1 .
b1 +
#18410
1%
1$
b11000 0
b1000 !
b1000 /
b10 (
b10 .
b10 +
#18415
b1111 0
0%
0$
b1111 !
b1111 /
b11 (
b11 .
b11 +
#18420
b1101 0
b1101 !
b1101 /
b100 (
b100 .
b100 +
#18425
b110 !
b110 /
b101 (
b101 .
b101 +
#18430
b1110 !
b1110 /
b110 (
b110 .
b110 +
#18435
b1000 !
b1000 /
b111 (
b111 .
b111 +
#18440
b10001 !
b10001 /
b1000 (
b1000 .
b1000 +
#18445
b1101 !
b1101 /
b1001 (
b1001 .
b1001 +
#18450
b111 !
b111 /
b1010 (
b1010 .
b1010 +
#18455
b11100 !
b11100 /
b1011 (
b1011 .
b1011 +
#18460
b111 !
b111 /
b1100 (
b1100 .
b1100 +
#18465
b1 !
b1 /
b1101 (
b1101 .
b1101 +
#18470
b0 !
b0 /
b1110 (
b1110 .
b1110 +
#18475
b1111 (
b1111 .
b1111 +
#18480
b10101 !
b10101 /
b10101 0
b0 (
b0 .
b111 '
b111 -
b111 *
b0 +
#18485
b111 0
b111 !
b111 /
b1 (
b1 .
b1 +
#18490
1%
1$
b11001 0
b1001 !
b1001 /
b10 (
b10 .
b10 +
#18495
b1111 0
0%
0$
b1111 !
b1111 /
b11 (
b11 .
b11 +
#18500
b1101 0
b1101 !
b1101 /
b100 (
b100 .
b100 +
#18505
b110 !
b110 /
b101 (
b101 .
b101 +
#18510
b1111 !
b1111 /
b110 (
b110 .
b110 +
#18515
b1001 !
b1001 /
b111 (
b111 .
b111 +
#18520
b10001 !
b10001 /
b1000 (
b1000 .
b1000 +
#18525
b1101 !
b1101 /
b1001 (
b1001 .
b1001 +
#18530
b111 !
b111 /
b1010 (
b1010 .
b1010 +
#18535
b11100 !
b11100 /
b1011 (
b1011 .
b1011 +
#18540
b111 !
b111 /
b1100 (
b1100 .
b1100 +
#18545
b1 !
b1 /
b1101 (
b1101 .
b1101 +
#18550
b0 !
b0 /
b1110 (
b1110 .
b1110 +
#18555
b1111 (
b1111 .
b1111 +
#18560
b10110 !
b10110 /
b10110 0
b0 (
b0 .
b1000 '
b1000 -
b1000 *
b0 +
#18565
b110 0
b110 !
b110 /
b1 (
b1 .
b1 +
#18570
1%
1$
b11010 0
b1010 !
b1010 /
b10 (
b10 .
b10 +
#18575
b1111 0
0%
0$
b1111 !
b1111 /
b11 (
b11 .
b11 +
#18580
b1101 0
b1101 !
b1101 /
b100 (
b100 .
b100 +
#18585
b1000 !
b1000 /
b101 (
b101 .
b101 +
#18590
b1110 !
b1110 /
b110 (
b110 .
b110 +
#18595
b110 !
b110 /
b111 (
b111 .
b111 +
#18600
b10001 !
b10001 /
b1000 (
b1000 .
b1000 +
#18605
b1101 !
b1101 /
b1001 (
b1001 .
b1001 +
#18610
b111 !
b111 /
b1010 (
b1010 .
b1010 +
#18615
b11100 !
b11100 /
b1011 (
b1011 .
b1011 +
#18620
b111 !
b111 /
b1100 (
b1100 .
b1100 +
#18625
b1 !
b1 /
b1101 (
b1101 .
b1101 +
#18630
b0 !
b0 /
b1110 (
b1110 .
b1110 +
#18635
b1111 (
b1111 .
b1111 +
#18640
b10111 !
b10111 /
b10111 0
b0 (
b0 .
b1001 '
b1001 -
b1001 *
b0 +
#18645
b101 0
b101 !
b101 /
b1 (
b1 .
b1 +
#18650
1%
1$
b11011 0
b1011 !
b1011 /
b10 (
b10 .
b10 +
#18655
b1111 0
0%
0$
b1111 !
b1111 /
b11 (
b11 .
b11 +
#18660
b1101 0
b1101 !
b1101 /
b100 (
b100 .
b100 +
#18665
b1000 !
b1000 /
b101 (
b101 .
b101 +
#18670
b1111 !
b1111 /
b110 (
b110 .
b110 +
#18675
b111 !
b111 /
b111 (
b111 .
b111 +
#18680
b10001 !
b10001 /
b1000 (
b1000 .
b1000 +
#18685
b1101 !
b1101 /
b1001 (
b1001 .
b1001 +
#18690
b111 !
b111 /
b1010 (
b1010 .
b1010 +
#18695
b11100 !
b11100 /
b1011 (
b1011 .
b1011 +
#18700
b111 !
b111 /
b1100 (
b1100 .
b1100 +
#18705
b1 !
b1 /
b1101 (
b1101 .
b1101 +
#18710
b0 !
b0 /
b1110 (
b1110 .
b1110 +
#18715
b1111 (
b1111 .
b1111 +
#18720
b11000 !
b11000 /
b11000 0
b0 (
b0 .
b1010 '
b1010 -
b1010 *
b0 +
#18725
b100 0
b100 !
b100 /
b1 (
b1 .
b1 +
#18730
1%
1$
b11100 0
b1100 !
b1100 /
b10 (
b10 .
b10 +
#18735
b1111 0
0%
0$
b1111 !
b1111 /
b11 (
b11 .
b11 +
#18740
b1101 0
b1101 !
b1101 /
b100 (
b100 .
b100 +
#18745
b1010 !
b1010 /
b101 (
b101 .
b101 +
#18750
b1110 !
b1110 /
b110 (
b110 .
b110 +
#18755
b100 !
b100 /
b111 (
b111 .
b111 +
#18760
b10001 !
b10001 /
b1000 (
b1000 .
b1000 +
#18765
b1101 !
b1101 /
b1001 (
b1001 .
b1001 +
#18770
b111 !
b111 /
b1010 (
b1010 .
b1010 +
#18775
b11100 !
b11100 /
b1011 (
b1011 .
b1011 +
#18780
b111 !
b111 /
b1100 (
b1100 .
b1100 +
#18785
b1 !
b1 /
b1101 (
b1101 .
b1101 +
#18790
b0 !
b0 /
b1110 (
b1110 .
b1110 +
#18795
b1111 (
b1111 .
b1111 +
#18800
b11001 !
b11001 /
b11001 0
b0 (
b0 .
b1011 '
b1011 -
b1011 *
b0 +
#18805
b11 0
b11 !
b11 /
b1 (
b1 .
b1 +
#18810
1%
1$
b11101 0
b1101 !
b1101 /
b10 (
b10 .
b10 +
#18815
b1111 0
0%
0$
b1111 !
b1111 /
b11 (
b11 .
b11 +
#18820
b1101 0
b1101 !
b1101 /
b100 (
b100 .
b100 +
#18825
b1010 !
b1010 /
b101 (
b101 .
b101 +
#18830
b1111 !
b1111 /
b110 (
b110 .
b110 +
#18835
b101 !
b101 /
b111 (
b111 .
b111 +
#18840
b10001 !
b10001 /
b1000 (
b1000 .
b1000 +
#18845
b1101 !
b1101 /
b1001 (
b1001 .
b1001 +
#18850
b111 !
b111 /
b1010 (
b1010 .
b1010 +
#18855
b11100 !
b11100 /
b1011 (
b1011 .
b1011 +
#18860
b111 !
b111 /
b1100 (
b1100 .
b1100 +
#18865
b1 !
b1 /
b1101 (
b1101 .
b1101 +
#18870
b0 !
b0 /
b1110 (
b1110 .
b1110 +
#18875
b1111 (
b1111 .
b1111 +
#18880
b11010 !
b11010 /
b11010 0
b0 (
b0 .
b1100 '
b1100 -
b1100 *
b0 +
#18885
b10 0
b10 !
b10 /
b1 (
b1 .
b1 +
#18890
1%
1$
b11110 0
b1110 !
b1110 /
b10 (
b10 .
b10 +
#18895
b1111 0
0%
0$
b1111 !
b1111 /
b11 (
b11 .
b11 +
#18900
b1101 0
b1101 !
b1101 /
b100 (
b100 .
b100 +
#18905
b1100 !
b1100 /
b101 (
b101 .
b101 +
#18910
b1110 !
b1110 /
b110 (
b110 .
b110 +
#18915
b10 !
b10 /
b111 (
b111 .
b111 +
#18920
b10001 !
b10001 /
b1000 (
b1000 .
b1000 +
#18925
b1101 !
b1101 /
b1001 (
b1001 .
b1001 +
#18930
b111 !
b111 /
b1010 (
b1010 .
b1010 +
#18935
b11100 !
b11100 /
b1011 (
b1011 .
b1011 +
#18940
b111 !
b111 /
b1100 (
b1100 .
b1100 +
#18945
b1 !
b1 /
b1101 (
b1101 .
b1101 +
#18950
b0 !
b0 /
b1110 (
b1110 .
b1110 +
#18955
b1111 (
b1111 .
b1111 +
#18960
b11011 !
b11011 /
b11011 0
b0 (
b0 .
b1101 '
b1101 -
b1101 *
b0 +
#18965
b1 0
b1 !
b1 /
b1 (
b1 .
b1 +
#18970
1%
1$
b11111 0
b1111 !
b1111 /
b10 (
b10 .
b10 +
#18975
b1111 0
0%
0$
b1111 !
b1111 /
b11 (
b11 .
b11 +
#18980
b1101 0
b1101 !
b1101 /
b100 (
b100 .
b100 +
#18985
b1100 !
b1100 /
b101 (
b101 .
b101 +
#18990
b1111 !
b1111 /
b110 (
b110 .
b110 +
#18995
b11 !
b11 /
b111 (
b111 .
b111 +
#19000
b10001 !
b10001 /
b1000 (
b1000 .
b1000 +
#19005
b1101 !
b1101 /
b1001 (
b1001 .
b1001 +
#19010
b111 !
b111 /
b1010 (
b1010 .
b1010 +
#19015
b11100 !
b11100 /
b1011 (
b1011 .
b1011 +
#19020
b111 !
b111 /
b1100 (
b1100 .
b1100 +
#19025
b1 !
b1 /
b1101 (
b1101 .
b1101 +
#19030
b0 !
b0 /
b1110 (
b1110 .
b1110 +
#19035
b1111 (
b1111 .
b1111 +
#19040
b11100 !
b11100 /
b11100 0
b0 (
b0 .
b1110 '
b1110 -
b1110 *
b0 +
#19045
b0 0
b0 !
b0 /
b1 (
b1 .
b1 +
#19050
b10 (
b10 .
b10 +
#19055
b1111 !
b1111 /
b1111 0
b11 (
b11 .
b11 +
#19060
b1101 0
b1101 !
b1101 /
b100 (
b100 .
b100 +
#19065
b1110 !
b1110 /
b101 (
b101 .
b101 +
#19070
b1110 !
b1110 /
b110 (
b110 .
b110 +
#19075
b0 !
b0 /
b111 (
b111 .
b111 +
#19080
b10001 !
b10001 /
b1000 (
b1000 .
b1000 +
#19085
b1101 !
b1101 /
b1001 (
b1001 .
b1001 +
#19090
b111 !
b111 /
b1010 (
b1010 .
b1010 +
#19095
b11100 !
b11100 /
b1011 (
b1011 .
b1011 +
#19100
b111 !
b111 /
b1100 (
b1100 .
b1100 +
#19105
b0 !
b0 /
b1101 (
b1101 .
b1101 +
#19110
b1 !
b1 /
b1110 (
b1110 .
b1110 +
#19115
b0 !
b0 /
b1111 (
b1111 .
b1111 +
#19120
b11101 !
b11101 /
b11101 0
b0 (
b0 .
b1111 '
b1111 -
b1111 *
b0 +
#19125
1%
1$
b11111 0
b1111 !
b1111 /
b1 (
b1 .
b1 +
#19130
b1 0
0%
0$
b1 !
b1 /
b10 (
b10 .
b10 +
#19135
b1111 0
b1111 !
b1111 /
b11 (
b11 .
b11 +
#19140
b1101 0
b1101 !
b1101 /
b100 (
b100 .
b100 +
#19145
b1110 !
b1110 /
b101 (
b101 .
b101 +
#19150
b1111 !
b1111 /
b110 (
b110 .
b110 +
#19155
b1 !
b1 /
b111 (
b111 .
b111 +
#19160
b10001 !
b10001 /
b1000 (
b1000 .
b1000 +
#19165
b1101 !
b1101 /
b1001 (
b1001 .
b1001 +
#19170
b111 !
b111 /
b1010 (
b1010 .
b1010 +
#19175
b11100 !
b11100 /
b1011 (
b1011 .
b1011 +
#19180
b111 !
b111 /
b1100 (
b1100 .
b1100 +
#19185
b0 !
b0 /
b1101 (
b1101 .
b1101 +
#19190
b1110 (
b1110 .
b1110 +
#19195
b1111 (
b1111 .
b1111 +
#19200
b1111 !
b1111 /
b1111 0
b0 (
b0 .
b0 '
b0 -
b1111 &
b1111 ,
b1111 )
b0 *
b0 +
#19205
b1111 !
b1111 /
b1 (
b1 .
b1 +
#19210
1%
1$
b10001 0
b1 !
b1 /
b10 (
b10 .
b10 +
#19215
b10000 0
0%
0$
b10000 !
b10000 /
b11 (
b11 .
b11 +
#19220
b1110 0
b1110 !
b1110 /
b100 (
b100 .
b100 +
#19225
b0 !
b0 /
b101 (
b101 .
b101 +
#19230
b1111 !
b1111 /
b110 (
b110 .
b110 +
#19235
b1111 !
b1111 /
b111 (
b111 .
b111 +
#19240
b10000 !
b10000 /
b1000 (
b1000 .
b1000 +
#19245
b1111 !
b1111 /
b1001 (
b1001 .
b1001 +
#19250
b1111 !
b1111 /
b1010 (
b1010 .
b1010 +
#19255
b11110 !
b11110 /
b1011 (
b1011 .
b1011 +
#19260
b111 !
b111 /
b1100 (
b1100 .
b1100 +
#19265
b1 !
b1 /
b1101 (
b1101 .
b1101 +
#19270
b0 !
b0 /
b1110 (
b1110 .
b1110 +
#19275
b1111 (
b1111 .
b1111 +
#19280
b10000 !
b10000 /
b10000 0
b0 (
b0 .
b1 '
b1 -
b1 *
b0 +
#19285
b1110 0
b1110 !
b1110 /
b1 (
b1 .
b1 +
#19290
1%
1$
b10010 0
b10 !
b10 /
b10 (
b10 .
b10 +
#19295
b10000 0
0%
0$
b10000 !
b10000 /
b11 (
b11 .
b11 +
#19300
b1110 0
b1110 !
b1110 /
b100 (
b100 .
b100 +
#19305
b1 !
b1 /
b101 (
b101 .
b101 +
#19310
b1111 !
b1111 /
b110 (
b110 .
b110 +
#19315
b1110 !
b1110 /
b111 (
b111 .
b111 +
#19320
b10000 !
b10000 /
b1000 (
b1000 .
b1000 +
#19325
b1111 !
b1111 /
b1001 (
b1001 .
b1001 +
#19330
b1111 !
b1111 /
b1010 (
b1010 .
b1010 +
#19335
b11110 !
b11110 /
b1011 (
b1011 .
b1011 +
#19340
b111 !
b111 /
b1100 (
b1100 .
b1100 +
#19345
b1 !
b1 /
b1101 (
b1101 .
b1101 +
#19350
b0 !
b0 /
b1110 (
b1110 .
b1110 +
#19355
b1111 (
b1111 .
b1111 +
#19360
b10001 !
b10001 /
b10001 0
b0 (
b0 .
b10 '
b10 -
b10 *
b0 +
#19365
b1101 0
b1101 !
b1101 /
b1 (
b1 .
b1 +
#19370
1%
1$
b10011 0
b11 !
b11 /
b10 (
b10 .
b10 +
#19375
b10000 0
0%
0$
b10000 !
b10000 /
b11 (
b11 .
b11 +
#19380
b1110 0
b1110 !
b1110 /
b100 (
b100 .
b100 +
#19385
b10 !
b10 /
b101 (
b101 .
b101 +
#19390
b1111 !
b1111 /
b110 (
b110 .
b110 +
#19395
b1101 !
b1101 /
b111 (
b111 .
b111 +
#19400
b10000 !
b10000 /
b1000 (
b1000 .
b1000 +
#19405
b1111 !
b1111 /
b1001 (
b1001 .
b1001 +
#19410
b1111 !
b1111 /
b1010 (
b1010 .
b1010 +
#19415
b11110 !
b11110 /
b1011 (
b1011 .
b1011 +
#19420
b111 !
b111 /
b1100 (
b1100 .
b1100 +
#19425
b1 !
b1 /
b1101 (
b1101 .
b1101 +
#19430
b0 !
b0 /
b1110 (
b1110 .
b1110 +
#19435
b1111 (
b1111 .
b1111 +
#19440
b10010 !
b10010 /
b10010 0
b0 (
b0 .
b11 '
b11 -
b11 *
b0 +
#19445
b1100 0
b1100 !
b1100 /
b1 (
b1 .
b1 +
#19450
1%
1$
b10100 0
b100 !
b100 /
b10 (
b10 .
b10 +
#19455
b10000 0
0%
0$
b10000 !
b10000 /
b11 (
b11 .
b11 +
#19460
b1110 0
b1110 !
b1110 /
b100 (
b100 .
b100 +
#19465
b11 !
b11 /
b101 (
b101 .
b101 +
#19470
b1111 !
b1111 /
b110 (
b110 .
b110 +
#19475
b1100 !
b1100 /
b111 (
b111 .
b111 +
#19480
b10000 !
b10000 /
b1000 (
b1000 .
b1000 +
#19485
b1111 !
b1111 /
b1001 (
b1001 .
b1001 +
#19490
b1111 !
b1111 /
b1010 (
b1010 .
b1010 +
#19495
b11110 !
b11110 /
b1011 (
b1011 .
b1011 +
#19500
b111 !
b111 /
b1100 (
b1100 .
b1100 +
#19505
b1 !
b1 /
b1101 (
b1101 .
b1101 +
#19510
b0 !
b0 /
b1110 (
b1110 .
b1110 +
#19515
b1111 (
b1111 .
b1111 +
#19520
b10011 !
b10011 /
b10011 0
b0 (
b0 .
b100 '
b100 -
b100 *
b0 +
#19525
b1011 0
b1011 !
b1011 /
b1 (
b1 .
b1 +
#19530
1%
1$
b10101 0
b101 !
b101 /
b10 (
b10 .
b10 +
#19535
b10000 0
0%
0$
b10000 !
b10000 /
b11 (
b11 .
b11 +
#19540
b1110 0
b1110 !
b1110 /
b100 (
b100 .
b100 +
#19545
b100 !
b100 /
b101 (
b101 .
b101 +
#19550
b1111 !
b1111 /
b110 (
b110 .
b110 +
#19555
b1011 !
b1011 /
b111 (
b111 .
b111 +
#19560
b10000 !
b10000 /
b1000 (
b1000 .
b1000 +
#19565
b1111 !
b1111 /
b1001 (
b1001 .
b1001 +
#19570
b1111 !
b1111 /
b1010 (
b1010 .
b1010 +
#19575
b11110 !
b11110 /
b1011 (
b1011 .
b1011 +
#19580
b111 !
b111 /
b1100 (
b1100 .
b1100 +
#19585
b1 !
b1 /
b1101 (
b1101 .
b1101 +
#19590
b0 !
b0 /
b1110 (
b1110 .
b1110 +
#19595
b1111 (
b1111 .
b1111 +
#19600
b10100 !
b10100 /
b10100 0
b0 (
b0 .
b101 '
b101 -
b101 *
b0 +
#19605
b1010 0
b1010 !
b1010 /
b1 (
b1 .
b1 +
#19610
1%
1$
b10110 0
b110 !
b110 /
b10 (
b10 .
b10 +
#19615
b10000 0
0%
0$
b10000 !
b10000 /
b11 (
b11 .
b11 +
#19620
b1110 0
b1110 !
b1110 /
b100 (
b100 .
b100 +
#19625
b101 !
b101 /
b101 (
b101 .
b101 +
#19630
b1111 !
b1111 /
b110 (
b110 .
b110 +
#19635
b1010 !
b1010 /
b111 (
b111 .
b111 +
#19640
b10000 !
b10000 /
b1000 (
b1000 .
b1000 +
#19645
b1111 !
b1111 /
b1001 (
b1001 .
b1001 +
#19650
b1111 !
b1111 /
b1010 (
b1010 .
b1010 +
#19655
b11110 !
b11110 /
b1011 (
b1011 .
b1011 +
#19660
b111 !
b111 /
b1100 (
b1100 .
b1100 +
#19665
b1 !
b1 /
b1101 (
b1101 .
b1101 +
#19670
b0 !
b0 /
b1110 (
b1110 .
b1110 +
#19675
b1111 (
b1111 .
b1111 +
#19680
b10101 !
b10101 /
b10101 0
b0 (
b0 .
b110 '
b110 -
b110 *
b0 +
#19685
b1001 0
b1001 !
b1001 /
b1 (
b1 .
b1 +
#19690
1%
1$
b10111 0
b111 !
b111 /
b10 (
b10 .
b10 +
#19695
b10000 0
0%
0$
b10000 !
b10000 /
b11 (
b11 .
b11 +
#19700
b1110 0
b1110 !
b1110 /
b100 (
b100 .
b100 +
#19705
b110 !
b110 /
b101 (
b101 .
b101 +
#19710
b1111 !
b1111 /
b110 (
b110 .
b110 +
#19715
b1001 !
b1001 /
b111 (
b111 .
b111 +
#19720
b10000 !
b10000 /
b1000 (
b1000 .
b1000 +
#19725
b1111 !
b1111 /
b1001 (
b1001 .
b1001 +
#19730
b1111 !
b1111 /
b1010 (
b1010 .
b1010 +
#19735
b11110 !
b11110 /
b1011 (
b1011 .
b1011 +
#19740
b111 !
b111 /
b1100 (
b1100 .
b1100 +
#19745
b1 !
b1 /
b1101 (
b1101 .
b1101 +
#19750
b0 !
b0 /
b1110 (
b1110 .
b1110 +
#19755
b1111 (
b1111 .
b1111 +
#19760
b10110 !
b10110 /
b10110 0
b0 (
b0 .
b111 '
b111 -
b111 *
b0 +
#19765
b1000 0
b1000 !
b1000 /
b1 (
b1 .
b1 +
#19770
1%
1$
b11000 0
b1000 !
b1000 /
b10 (
b10 .
b10 +
#19775
b10000 0
0%
0$
b10000 !
b10000 /
b11 (
b11 .
b11 +
#19780
b1110 0
b1110 !
b1110 /
b100 (
b100 .
b100 +
#19785
b111 !
b111 /
b101 (
b101 .
b101 +
#19790
b1111 !
b1111 /
b110 (
b110 .
b110 +
#19795
b1000 !
b1000 /
b111 (
b111 .
b111 +
#19800
b10000 !
b10000 /
b1000 (
b1000 .
b1000 +
#19805
b1111 !
b1111 /
b1001 (
b1001 .
b1001 +
#19810
b1111 !
b1111 /
b1010 (
b1010 .
b1010 +
#19815
b11110 !
b11110 /
b1011 (
b1011 .
b1011 +
#19820
b111 !
b111 /
b1100 (
b1100 .
b1100 +
#19825
b1 !
b1 /
b1101 (
b1101 .
b1101 +
#19830
b0 !
b0 /
b1110 (
b1110 .
b1110 +
#19835
b1111 (
b1111 .
b1111 +
#19840
b10111 !
b10111 /
b10111 0
b0 (
b0 .
b1000 '
b1000 -
b1000 *
b0 +
#19845
b111 0
b111 !
b111 /
b1 (
b1 .
b1 +
#19850
1%
1$
b11001 0
b1001 !
b1001 /
b10 (
b10 .
b10 +
#19855
b10000 0
0%
0$
b10000 !
b10000 /
b11 (
b11 .
b11 +
#19860
b1110 0
b1110 !
b1110 /
b100 (
b100 .
b100 +
#19865
b1000 !
b1000 /
b101 (
b101 .
b101 +
#19870
b1111 !
b1111 /
b110 (
b110 .
b110 +
#19875
b111 !
b111 /
b111 (
b111 .
b111 +
#19880
b10000 !
b10000 /
b1000 (
b1000 .
b1000 +
#19885
b1111 !
b1111 /
b1001 (
b1001 .
b1001 +
#19890
b1111 !
b1111 /
b1010 (
b1010 .
b1010 +
#19895
b11110 !
b11110 /
b1011 (
b1011 .
b1011 +
#19900
b111 !
b111 /
b1100 (
b1100 .
b1100 +
#19905
b1 !
b1 /
b1101 (
b1101 .
b1101 +
#19910
b0 !
b0 /
b1110 (
b1110 .
b1110 +
#19915
b1111 (
b1111 .
b1111 +
#19920
b11000 !
b11000 /
b11000 0
b0 (
b0 .
b1001 '
b1001 -
b1001 *
b0 +
#19925
b110 0
b110 !
b110 /
b1 (
b1 .
b1 +
#19930
1%
1$
b11010 0
b1010 !
b1010 /
b10 (
b10 .
b10 +
#19935
b10000 0
0%
0$
b10000 !
b10000 /
b11 (
b11 .
b11 +
#19940
b1110 0
b1110 !
b1110 /
b100 (
b100 .
b100 +
#19945
b1001 !
b1001 /
b101 (
b101 .
b101 +
#19950
b1111 !
b1111 /
b110 (
b110 .
b110 +
#19955
b110 !
b110 /
b111 (
b111 .
b111 +
#19960
b10000 !
b10000 /
b1000 (
b1000 .
b1000 +
#19965
b1111 !
b1111 /
b1001 (
b1001 .
b1001 +
#19970
b1111 !
b1111 /
b1010 (
b1010 .
b1010 +
#19975
b11110 !
b11110 /
b1011 (
b1011 .
b1011 +
#19980
b111 !
b111 /
b1100 (
b1100 .
b1100 +
#19985
b1 !
b1 /
b1101 (
b1101 .
b1101 +
#19990
b0 !
b0 /
b1110 (
b1110 .
b1110 +
#19995
b1111 (
b1111 .
b1111 +
#20000
b11001 !
b11001 /
b11001 0
b0 (
b0 .
b1010 '
b1010 -
b1010 *
b0 +
#20005
b101 0
b101 !
b101 /
b1 (
b1 .
b1 +
#20010
1%
1$
b11011 0
b1011 !
b1011 /
b10 (
b10 .
b10 +
#20015
b10000 0
0%
0$
b10000 !
b10000 /
b11 (
b11 .
b11 +
#20020
b1110 0
b1110 !
b1110 /
b100 (
b100 .
b100 +
#20025
b1010 !
b1010 /
b101 (
b101 .
b101 +
#20030
b1111 !
b1111 /
b110 (
b110 .
b110 +
#20035
b101 !
b101 /
b111 (
b111 .
b111 +
#20040
b10000 !
b10000 /
b1000 (
b1000 .
b1000 +
#20045
b1111 !
b1111 /
b1001 (
b1001 .
b1001 +
#20050
b1111 !
b1111 /
b1010 (
b1010 .
b1010 +
#20055
b11110 !
b11110 /
b1011 (
b1011 .
b1011 +
#20060
b111 !
b111 /
b1100 (
b1100 .
b1100 +
#20065
b1 !
b1 /
b1101 (
b1101 .
b1101 +
#20070
b0 !
b0 /
b1110 (
b1110 .
b1110 +
#20075
b1111 (
b1111 .
b1111 +
#20080
b11010 !
b11010 /
b11010 0
b0 (
b0 .
b1011 '
b1011 -
b1011 *
b0 +
#20085
b100 0
b100 !
b100 /
b1 (
b1 .
b1 +
#20090
1%
1$
b11100 0
b1100 !
b1100 /
b10 (
b10 .
b10 +
#20095
b10000 0
0%
0$
b10000 !
b10000 /
b11 (
b11 .
b11 +
#20100
b1110 0
b1110 !
b1110 /
b100 (
b100 .
b100 +
#20105
b1011 !
b1011 /
b101 (
b101 .
b101 +
#20110
b1111 !
b1111 /
b110 (
b110 .
b110 +
#20115
b100 !
b100 /
b111 (
b111 .
b111 +
#20120
b10000 !
b10000 /
b1000 (
b1000 .
b1000 +
#20125
b1111 !
b1111 /
b1001 (
b1001 .
b1001 +
#20130
b1111 !
b1111 /
b1010 (
b1010 .
b1010 +
#20135
b11110 !
b11110 /
b1011 (
b1011 .
b1011 +
#20140
b111 !
b111 /
b1100 (
b1100 .
b1100 +
#20145
b1 !
b1 /
b1101 (
b1101 .
b1101 +
#20150
b0 !
b0 /
b1110 (
b1110 .
b1110 +
#20155
b1111 (
b1111 .
b1111 +
#20160
b11011 !
b11011 /
b11011 0
b0 (
b0 .
b1100 '
b1100 -
b1100 *
b0 +
#20165
b11 0
b11 !
b11 /
b1 (
b1 .
b1 +
#20170
1%
1$
b11101 0
b1101 !
b1101 /
b10 (
b10 .
b10 +
#20175
b10000 0
0%
0$
b10000 !
b10000 /
b11 (
b11 .
b11 +
#20180
b1110 0
b1110 !
b1110 /
b100 (
b100 .
b100 +
#20185
b1100 !
b1100 /
b101 (
b101 .
b101 +
#20190
b1111 !
b1111 /
b110 (
b110 .
b110 +
#20195
b11 !
b11 /
b111 (
b111 .
b111 +
#20200
b10000 !
b10000 /
b1000 (
b1000 .
b1000 +
#20205
b1111 !
b1111 /
b1001 (
b1001 .
b1001 +
#20210
b1111 !
b1111 /
b1010 (
b1010 .
b1010 +
#20215
b11110 !
b11110 /
b1011 (
b1011 .
b1011 +
#20220
b111 !
b111 /
b1100 (
b1100 .
b1100 +
#20225
b1 !
b1 /
b1101 (
b1101 .
b1101 +
#20230
b0 !
b0 /
b1110 (
b1110 .
b1110 +
#20235
b1111 (
b1111 .
b1111 +
#20240
b11100 !
b11100 /
b11100 0
b0 (
b0 .
b1101 '
b1101 -
b1101 *
b0 +
#20245
b10 0
b10 !
b10 /
b1 (
b1 .
b1 +
#20250
1%
1$
b11110 0
b1110 !
b1110 /
b10 (
b10 .
b10 +
#20255
b10000 0
0%
0$
b10000 !
b10000 /
b11 (
b11 .
b11 +
#20260
b1110 0
b1110 !
b1110 /
b100 (
b100 .
b100 +
#20265
b1101 !
b1101 /
b101 (
b101 .
b101 +
#20270
b1111 !
b1111 /
b110 (
b110 .
b110 +
#20275
b10 !
b10 /
b111 (
b111 .
b111 +
#20280
b10000 !
b10000 /
b1000 (
b1000 .
b1000 +
#20285
b1111 !
b1111 /
b1001 (
b1001 .
b1001 +
#20290
b1111 !
b1111 /
b1010 (
b1010 .
b1010 +
#20295
b11110 !
b11110 /
b1011 (
b1011 .
b1011 +
#20300
b111 !
b111 /
b1100 (
b1100 .
b1100 +
#20305
b1 !
b1 /
b1101 (
b1101 .
b1101 +
#20310
b0 !
b0 /
b1110 (
b1110 .
b1110 +
#20315
b1111 (
b1111 .
b1111 +
#20320
b11101 !
b11101 /
b11101 0
b0 (
b0 .
b1110 '
b1110 -
b1110 *
b0 +
#20325
b1 0
b1 !
b1 /
b1 (
b1 .
b1 +
#20330
1%
1$
b11111 0
b1111 !
b1111 /
b10 (
b10 .
b10 +
#20335
b10000 0
0%
0$
b10000 !
b10000 /
b11 (
b11 .
b11 +
#20340
b1110 0
b1110 !
b1110 /
b100 (
b100 .
b100 +
#20345
b1110 !
b1110 /
b101 (
b101 .
b101 +
#20350
b1111 !
b1111 /
b110 (
b110 .
b110 +
#20355
b1 !
b1 /
b111 (
b111 .
b111 +
#20360
b10000 !
b10000 /
b1000 (
b1000 .
b1000 +
#20365
b1111 !
b1111 /
b1001 (
b1001 .
b1001 +
#20370
b1111 !
b1111 /
b1010 (
b1010 .
b1010 +
#20375
b11110 !
b11110 /
b1011 (
b1011 .
b1011 +
#20380
b111 !
b111 /
b1100 (
b1100 .
b1100 +
#20385
b1 !
b1 /
b1101 (
b1101 .
b1101 +
#20390
b0 !
b0 /
b1110 (
b1110 .
b1110 +
#20395
b1111 (
b1111 .
b1111 +
#20400
b11110 !
b11110 /
b11110 0
b0 (
b0 .
b1111 '
b1111 -
b1111 *
b0 +
#20405
b0 0
b0 !
b0 /
b1 (
b1 .
b1 +
#20410
b10 (
b10 .
b10 +
#20415
b10000 !
b10000 /
b10000 0
b11 (
b11 .
b11 +
#20420
b1110 0
b1110 !
b1110 /
b100 (
b100 .
b100 +
#20425
b1111 !
b1111 /
b101 (
b101 .
b101 +
#20430
b1111 !
b1111 /
b110 (
b110 .
b110 +
#20435
b0 !
b0 /
b111 (
b111 .
b111 +
#20440
b10000 !
b10000 /
b1000 (
b1000 .
b1000 +
#20445
b1111 !
b1111 /
b1001 (
b1001 .
b1001 +
#20450
b1111 !
b1111 /
b1010 (
b1010 .
b1010 +
#20455
b11110 !
b11110 /
b1011 (
b1011 .
b1011 +
#20460
b111 !
b111 /
b1100 (
b1100 .
b1100 +
#20465
b0 !
b0 /
b1101 (
b1101 .
b1101 +
#20470
b1 !
b1 /
b1110 (
b1110 .
b1110 +
#20475
b0 !
b0 /
b1111 (
b1111 .
b1111 +
#20480
b10000 )
b10000 *
b10000 +
